"Date","dtp_gov_USD_EUR_1Y_bp","dtp_gov_USD_EUR_2Y_bp","dtp_gov_USD_EUR_5Y_bp","dtp_gov_USD_EUR_10Y_bp","dtp_gov_USD_EUR_20Y_bp","dtp_gov_USD_JPY_1Y_bp","dtp_gov_USD_JPY_2Y_bp","dtp_gov_USD_JPY_5Y_bp","dtp_gov_USD_JPY_10Y_bp","dtp_gov_USD_JPY_20Y_bp","dtp_gov_USD_GBP_1Y_bp","dtp_gov_USD_GBP_2Y_bp","dtp_gov_USD_GBP_5Y_bp","dtp_gov_USD_GBP_10Y_bp","dtp_gov_USD_GBP_20Y_bp","dtp_gov_USD_CHF_1Y_bp","dtp_gov_USD_CHF_2Y_bp","dtp_gov_USD_CHF_5Y_bp","dtp_gov_USD_CHF_10Y_bp","dtp_gov_USD_CHF_20Y_bp","dtp_gov_USD_CAD_1Y_bp","dtp_gov_USD_CAD_2Y_bp","dtp_gov_USD_CAD_5Y_bp","dtp_gov_USD_CAD_10Y_bp","dtp_gov_USD_CAD_20Y_bp","dtp_gov_USD_AUD_1Y_bp","dtp_gov_USD_AUD_2Y_bp","dtp_gov_USD_AUD_5Y_bp","dtp_gov_USD_AUD_10Y_bp","dtp_gov_USD_AUD_20Y_bp","dtp_gov_USD_NZD_1Y_bp","dtp_gov_USD_NZD_2Y_bp","dtp_gov_USD_NZD_5Y_bp","dtp_gov_USD_NZD_10Y_bp","dtp_gov_USD_NZD_20Y_bp","dtp_gov_USD_SEK_1Y_bp","dtp_gov_USD_SEK_2Y_bp","dtp_gov_USD_SEK_5Y_bp","dtp_gov_USD_SEK_10Y_bp","dtp_gov_USD_SEK_20Y_bp","dtp_gov_USD_NOK_1Y_bp","dtp_gov_USD_NOK_2Y_bp","dtp_gov_USD_NOK_5Y_bp","dtp_gov_USD_NOK_10Y_bp","dtp_gov_USD_NOK_20Y_bp"
"2000-01-31",32.3484,36.7274,41.1469,44.5439,,43.886,43.867,49.622,47.934,83.126,2.8629,-4.0232,-8.7341,-18.9215,,,,56.5375,69.3998,,,,,,,,,,,,23.419,10.28,1.269,5.869,,,,,,,,,,,
"2000-02-29",34.8514,37.4354,44.1549,60.5669,104.4195,49.468,47.164,57.22,61.365,109.803,6.2279,-1.6172,-8.5191,-0.3835,-14.2768,57.6304,36.917,58.6635,86.6278,133.2787,,52.711,69.384,79.201,,,,,,,18.931,4.532,6.439,27.194,,,,,,,,,,,
"2000-03-31",42.8444,41.6344,61.3979,80.2459,110.2225,68.999,59.011,74.666,91.592,124.514,15.7049,4.6098,3.4849,9.4755,11.4702,71.2134,41.514,77.0125,103.9138,130.9497,,60.993,86.885,98.146,,,,,,,,8.261,11.235,31.145,,,,,,,,,,,
"2000-04-28",54.7014,34.4634,52.7839,74.1359,98.0835,76.111,51.001,71.095,84.009,102.301,22.2009,-0.9572,-3.0581,4.1445,-17.7768,94.0954,36.902,62.5155,93.0328,118.3597,,45.366,74.276,85.364,,,,,,,37.367,0.567,1.714,18.101,,,,,,,,,,,
"2000-05-31",87.2154,48.6694,47.5709,72.1319,101.4275,111.522,77.629,89.671,108.383,126.674,56.9669,27.6378,15.8089,17.7895,-0.1338,126.3834,51.868,75.1375,103.7358,137.3607,,75.039,98.293,107.32,121.101,,,,,,76.093,37.755,34.921,54.208,,,,,,,,,,,
"2000-06-30",76.6744,44.2214,46.0749,57.2599,71.9255,101.431,75.733,87.954,90.561,93.95,49.0199,22.9718,6.2019,-2.2735,-23.4238,127.2594,54.834,73.9455,89.6388,116.6077,,72.243,93.363,94.537,,,,,,,58.221,26.206,24.189,24.808,,,,,,,,,,,
"2000-07-31",69.1514,42.1904,50.0579,56.4259,80.5195,95.578,76.194,88.647,86.753,104.169,39.8569,22.3988,15.0299,4.1155,-9.3808,94.2444,50.476,79.1575,95.2088,121.6567,,73.448,93.285,92.946,105.433,,,,,,,32.653,33.539,43.596,,,,,,,,,,,
"2000-08-31",43.6304,37.1934,46.0289,61.9119,68.9105,79.946,72.22,83.868,87.475,86.739,20.6959,16.9628,18.1509,16.0515,-15.1138,76.4294,42.614,80.0955,103.0658,118.7567,,66.406,82.292,93.683,101.507,51.972,56.102,64.88,92.521,105.405,38.931,40.422,50.572,66.196,,,,,,,,,,,
"2000-09-29",46.381,37.4624,35.9849,45.3709,58.1525,76.846,76.221,81.416,78.81,80.862,19.6929,17.2528,15.8089,3.2495,-24.8048,81.1714,49.531,76.2795,90.4228,98.9097,,61.795,75.171,79.865,82.48,46.034,46.2,59.242,71.046,81.66,47.138,40.567,47.142,52.056,,,,,,,,,,,
"2000-10-31",33.871,34.9644,38.9459,43.4089,59.5455,59.203,67.561,81.673,79.987,80.432,9.8659,13.5278,17.2669,10.6635,-8.2008,72.4254,51.018,80.5985,89.0608,102.9207,,63.773,77.644,79.572,90.422,36.894,42.744,59.078,72.629,84.085,,33.386,36.246,40.601,,,,,,,,,,,
"2000-11-30",31.886,46.3654,55.6519,46.8289,53.3975,58.851,85.738,105.252,94.525,79.974,4.5389,27.2778,40.7069,28.4645,0.8052,59.5534,71.487,101.3375,93.3748,104.3617,,69.919,90.673,84.3,79.624,34.721,51.158,70.703,73.616,80.679,27.883,42.71,52.188,46.795,,,,,,,,,,,
"2000-12-29",42.531,42.4374,45.3589,26.4949,20.6145,63.798,77.763,98.017,79.396,51.56,11.3799,24.8958,26.0599,5.4795,-38.1078,69.4934,62.58,82.5395,71.2508,66.9287,,67.515,82.416,66.321,66.266,44.616,48.78,56.609,43.027,45.107,27.061,29.341,35.638,17.527,,,,,,,,,,,
"2001-01-31",34.791,33.0814,32.4109,11.0329,12.9345,51.147,57.083,67.959,45.789,23.081,18.3509,13.8888,8.0059,-11.0065,-43.5308,64.0074,47.433,67.8925,53.8698,58.7977,,59.043,68.394,48.806,52.43,39.918,28.836,47.051,41.901,47.113,31,26.319,25.568,10.472,,,,,,,,,,,
"2001-02-28",27.336,36.6574,33.8559,28.9019,30.0625,51.102,70.097,76.881,73.571,48.665,12.0359,20.4088,19.7239,9.3935,-29.4798,54.7104,47.778,66.5505,72.4918,71.1517,45.535,61.952,72.648,72.13,61.644,34.701,36.767,34.491,52.957,53.518,,21.788,17.484,18.701,,,,,,,,,,,
"2001-03-30",31.812,34.6754,35.0029,36.9089,36.5145,43.87,63.608,71.001,67.796,34.589,16.8859,27.1088,31.2799,26.0435,-10.9778,58.2024,56.721,73.0075,67.9908,73.6797,51.84,68.84,70.406,70.119,59.364,44.495,46.058,45.142,48.051,52.843,33.878,30.783,25.084,23.627,,,,,,,,,,,
"2001-04-30",21.758,29.2684,19.1499,27.2419,32.4575,37.53,58.154,57.581,56.372,33.114,6.7979,17.8538,17.2019,15.8495,-11.7868,35.2724,44.29,55.2295,55.9228,52.8197,63.859,57.105,59.489,54.851,55.983,33.95,48.947,24.718,27.314,39.946,,30.015,16.783,17.152,,,,,,,,,,,
"2001-05-31",19.39,31.2824,38.0029,27.8379,42.7725,30.38,52.005,65.177,59.458,48.809,5.4889,17.9688,30.6169,14.9145,0.2912,32.8734,43.895,61.7505,52.1518,51.7287,56.118,53.71,72.471,62.527,59.597,28.326,53.065,52.973,49.106,75.355,25.302,30.695,30.324,19.773,,,,,,,,,,,
"2001-06-29",2.6045,34.047,46.7889,35.7189,53.3055,15.288,54.04,79.731,71.112,56.7,-16.0511,4.9478,29.2229,18.5385,2.8572,18.6784,43.937,70.2945,58.2338,78.8237,58.459,52.885,74.153,64.577,62.235,-4.059,23.73,22.083,29.166,62.487,20.354,32.153,42.347,22.012,,,,,,,,,,,
"2001-07-31",-1.352,25.314,36.1319,24.8939,35.6965,10.522,45.716,68.104,62.048,43.958,-17.6061,2.5358,20.2679,12.0425,-6.3728,19.3004,38.77,62.0545,46.6418,60.3117,57.471,49.227,71.586,57.094,58.013,-5.428,34.425,44.419,36.291,54.533,,27.001,27.175,8.241,,,,,,,,,,,
"2001-08-31",5.429,32.547,23.3909,36.1639,39.2315,11.616,44.375,58.141,61.114,31.93,-14.1391,1.7038,13.1389,16.4105,-7.2798,23.4394,36.454,60.2075,50.6868,50.9557,39.366,54.518,67.643,59.336,60.527,-2.841,39.555,42.575,47.987,57.477,2.228,26.21,28.669,21.211,,,21.75,16.884,29.491,,,-8.838,4.9148,8.5485,
"2001-09-28",-15.134,25.251,18.0439,20.8849,17.3325,-7.494,47.974,50.888,42.273,3.772,-19.2691,9.6038,9.4619,0.0035,-29.4718,1.8584,36.654,41.1695,27.7818,19.6887,59.324,65.123,61.962,50.223,41.252,40.662,108.811,83.811,48.106,44.378,-15.92,18.696,20.633,-1.614,,-10.571,19.516,6.225,15.932,,-45.484,0.326,4.2428,-7.0405,
"2001-10-31",-6.182,19.042,20.4079,27.5619,37.5615,-2.732,34.65,46.925,44.564,28.032,-12.7281,-6.8572,2.0309,3.1425,-11.8478,5.9084,33.199,47.4735,36.5648,51.3307,60.799,48.416,62.884,58.467,58.825,-7.353,30.148,28.074,45.365,76.526,-12.443,8.261,21.1,19.622,,-15.672,7.537,0.708,19.293,,-49.101,-20.797,-4.2272,-1.8425,
"2001-11-30",-20.594,27.291,35.6159,25.2039,41.1505,-25.382,43.319,67.096,55.715,45.036,-23.1651,0.8458,12.6929,9.3455,4.6412,-8.3226,34.137,53.4755,37.0278,62.3017,69.729,52.894,77.617,62.983,70.438,-20.917,41.787,43.602,39.981,75.176,-44.422,17.273,28.489,11.33,,-30.71,12.572,10.791,13.989,,-66.135,-22.244,3.6818,-7.3615,
"2001-12-31",-27.708,24.846,45.5119,36.9519,48.5945,-27.317,42.963,67.988,53.474,44.194,-18.7141,4.4968,27.0139,17.2465,10.8672,-26.6666,28.276,54.8615,43.3288,56.2697,82.623,58.482,79.106,60.872,69.115,-20.334,37.682,42.163,36.191,78.341,-60.892,17.282,32.81,14.581,,-26.824,20.133,21.816,22.184,,-77.613,-12.419,14.7788,2.5175,
"2002-01-31",-54.134,15.333,34.1389,29.4969,42.9095,-48.543,34.378,61.031,52.663,47.903,-45.8691,-6.2272,16.4929,22.3785,19.0932,-40.5856,28.342,47.8185,41.9658,62.9267,-38.944,46.77,69.866,63.733,71.11,-32.447,35.665,41.611,40.409,75.916,-124.007,-3.434,15.41,8.853,,-60.565,7.515,15.181,26.405,,-97.966,-35.184,-2.3012,-6.0655,
"2002-02-28",-28.52,18.449,25.4759,30.4649,31.1925,-30.261,31.093,48.696,55.264,40.584,-24.1181,-2.2162,12.7709,25.7215,7.6402,-23.1416,13.774,40.2035,41.7558,46.3437,35.855,41.952,60.05,63.867,61.004,-12.518,30.437,26.594,25.502,52.748,-104.688,-14.536,1.431,3.531,,-44.095,4.862,5.388,21.835,,-75.242,-35.15,-9.6552,-4.2685,
"2002-03-29",-31.165,11.524,26.0229,32.0789,37.7165,-23.437,30.203,43.167,52.177,43.556,-22.7911,-1.965,21.8549,32.2175,17.6652,-17.13,19.047,36.9705,43.0078,58.9857,60.298,47.677,56.953,58.732,49.974,-12.977,41.387,37.663,40.244,51.563,-109.578,-8.059,7.137,7.172,,-40.645,7.331,5.879,20.336,,-70.498,-24.824,4.1058,7.9785,
"2002-04-30",-29.0455,17.494,10.2949,17.6229,22.4865,-26.432,31.753,34.322,40.604,27.558,-29.6741,8.703,2.2699,15.7405,-0.7788,-12.987,11.542,26.6695,33.6118,52.4827,50.063,55.225,51.705,47.825,43.224,5.705,27.297,20.485,24.932,38.062,-101.642,-25.549,-11.698,-8.792,,-44.601,5.317,-7.91,9.802,,-75.128,-36.647,-15.1832,-10.1465,
"2002-05-31",-27.567,19.554,13.4409,11.6159,15.7055,-20.549,30.385,34.999,33.815,21.809,-34.2231,-5.425,8.1649,12.5575,-0.4088,-13.255,13.517,27.6265,26.9118,50.9757,-18.167,36.631,45.509,34.349,39.137,-5.518,22.184,18.4,8.752,19.495,-88.264,-28.01,-7.399,-15.666,,-37.899,7.998,-1.53,8.006,,-73.945,-20.205,-9.9852,-14.6115,
"2002-06-28",-29.984,12.539,18.8049,14.3339,15.6445,-26.61,23.892,36.071,37.828,17.961,-33.5451,-15.72,10.6559,8.1575,-13.6828,-13.48,3.951,27.8835,23.6538,50.8037,24.751,34.105,51.475,41.817,41.197,-12.38,11.483,20.315,10.915,21.515,-69.139,-22.523,-1.68,-15.349,,-44.036,0.283,2.846,5.45,,-66.138,-35.479,-3.1602,-7.4735,
"2002-07-31",-14.216,45.363,24.2569,14.1329,19.8525,-15.055,32.669,46.502,39.952,15.156,-28.6581,-8.757,15.0919,13.1205,-9.3478,5.95,27.245,40.1115,25.7688,41.7207,21.917,47.849,60.336,43.187,43.623,20.523,42.861,36.458,20.774,29.917,-54.452,-8.908,12.556,-4.184,,-30.484,9.275,11.58,6.969,,-64.603,-25.13,2.4858,-5.5875,
"2002-08-30",-13.949,18.266,16.0549,16.5359,15.7755,-12.723,23.966,32.375,38.8,13.532,-29.2111,-12.868,4.7099,13.2525,-14.7468,-1.315,14.383,38.6415,33.7188,46.0917,-1.978,38.782,44.177,40.976,38.6,,,,,,-42.38,-9.954,-3.083,-13.839,,-34.212,-4.553,0.065,10.29,24.793,-56.908,-42.442,-8.5212,-1.4625,-1.2786
"2002-09-30",-0.166,23.012,28.5239,26.4919,13.7255,-7.012,30.318,49.968,47.103,5.45,-28.0581,-2.125,26.5249,21.9705,-19.3338,10.603,26.647,55.9035,42.0778,45.7507,0.565,40.603,61.493,54.026,37.902,,,,,,-26.2,3.825,15.22,-6.976,,-28.937,2.195,16.166,15.645,13.927,-47.895,-37.002,2.7948,5.2145,-18.2076
"2002-10-31",-5.406,21.284,23.4169,22.7959,9.2925,-10.122,28.477,37.906,34.286,-3.446,-24.9641,0.084,17.1199,14.1605,-25.8118,5.093,19.078,46.6475,38.2928,42.4077,6.642,41.86,54.468,42.95,30.788,,,,,,-24.874,10.462,14.734,-4.118,-46.553,-29.037,2.817,4.309,8.515,14.961,-46.556,-42.152,-11.3142,-10.5245,-24.8886
"2002-11-29",-21.03,25.938,25.5589,25.6579,30.4405,-20.114,28.469,36.761,35.9,11.697,-35.7721,-5.115,14.8909,22.1635,-6.2078,-6.102,19.923,39.3425,39.5888,61.2697,-6.335,41.568,55.288,51.381,42.499,,,,,,-38.112,4.722,7.479,-6.548,,-36.006,1.691,1.565,12.145,30.07,-62.938,-50.634,-12.8262,-0.8715,-7.7386
"2002-12-31",-14.458,12.91,15.5079,15.6319,20.1915,-18.513,16.193,24.648,19.606,-5.584,-34.0781,-13.322,-1.6791,0.3725,-24.2808,-2.575,5.797,18.9985,20.4718,39.5347,-1.795,31.968,45.955,41.134,44.271,,,,,,-34.207,-8.336,-5.099,-20.538,,-38.271,-7.251,-5.958,-1.411,14.666,-59.764,-80.818,-28.6152,-13.5505,-15.5676
"2003-01-31",-19.75,14.22,18.3639,13.6989,27.8765,-20.71,16.871,24.303,22.875,-3.108,-40.661,-1.643,22.606,42.212,-13.8178,-5.026,5.965,20.5245,22.5578,38.7037,-14.582,30.767,40.57,38.378,33.158,,,,,,-29.52,-7.368,-0.208,-8.773,,-40.316,-6.041,-3.569,2.666,8.891,-34.447,-69.846,-11.6742,-1.0805,-0.8916
"2003-02-28",-14.224,14.548,20.5979,20.5489,28.8225,-13.403,16.177,29.108,26.382,-7.487,-27.878,2.292,45.543,82.954,-7.9068,3.708,10.801,27.0975,24.7128,37.2997,1.998,26.747,42.206,38.491,30.161,,,,,,-24.73,-9.039,-6.809,-11.046,,-31.909,-9.962,-4.572,3.789,4.065,-26.251,-83.67,-9.5872,-1.6655,1.1654
"2003-03-31",-20.95,7.406,20.2359,21.5169,22.5075,-19.898,18.08,28.625,28.184,-9.597,-28.754,9.287,43.077,74.681,-9.5618,-1.499,11.259,26.1985,23.6578,57.5107,-19.188,28.91,41.675,37.238,24.701,,,,,,-29.48,-6.195,-1.265,-3.274,,-40.834,-7.813,-5.116,4.638,8.114,-44.385,-59.705,-24.2752,-17.3605,-35.3336
"2003-04-30",-15.109,10.921,13.9589,16.0159,24.1975,-19.651,11.788,18.294,18.493,-16.755,-30.853,-3.142,36.955,70.326,-10.1228,-1.349,5.475,20.4115,13.5608,25.8697,-11.08,18.934,30.096,29.41,23.676,-14.841,13.441,22.506,9.759,10.852,-22.353,-3.399,0.414,-8.795,,-39.058,-14.456,-12.722,-0.857,-11.406,-34.748,-79.246,-26.0172,-12.0835,-13.3846
"2003-05-30",-10.679,7.226,16.1549,21.5629,28.8195,-13.394,7.552,20.633,19.777,-14.926,-34.591,-5.055,29.449,62.42,-7.7288,-0.815,1.075,22.7645,22.4468,28.9157,-2.416,10.635,31.807,34.144,29.437,-14.032,-1.74,21.382,10.523,12.94,-23.661,-12.396,-4.009,-11.36,,-30.353,-12.923,-7.879,5.279,-14.917,-32.818,-118.87,-17.1732,-7.6745,-17.7406
"2003-06-30",-12.495,7.454,16.4479,21.8309,22.6755,-19.521,4.526,13.022,16.47,-19.407,-28.121,-2.485,24.097,61.056,-5.3648,0.455,13.366,23.8515,24.9648,0.0867,1.466,23.274,31.129,29.287,20.239,-13.478,-2.796,12.045,-4.155,2.997,-23.561,-12.768,-15.399,-16.271,,-30.015,10.255,0.079,2.636,8.302,-25.355,-55.04,-25.1622,-10.3825,-11.4616
"2003-07-31",-16.21,14.715,30.3269,33.7649,38.2415,-26.467,18.864,34.069,39.246,2.54,-33.77,24.867,46.649,76.541,15.0602,-14.477,9.959,29.0685,32.2078,11.9447,-11.265,27.549,36.084,39.897,27.754,-23.648,12.395,31.92,18.401,17.14,-37.945,-6.798,-1.963,-3.816,,-37.501,7.295,8.598,23.35,6.79,-54.191,-28.052,0.3768,14.9275,6.9814
"2003-08-29",-26.489,31.024,32.0359,29.8489,37.0385,-41.665,12.655,26.056,27.521,-0.235,-48.007,-1.496,30.387,35.963,6.5392,-22.769,15.621,32.2345,30.4798,29.5057,-24.826,33.07,34.357,29.116,30.034,-47.602,10.04,31.379,14.639,9.52,-45.039,-7.804,-5.327,-10.594,,-62.598,-2.003,3.617,10.665,6.454,-59.989,1.2176,-2.0302,4.4645,4.0294
"2003-09-30",-17.375,15.196,22.7309,19.8149,25.9655,-20.305,12.142,16.499,15.928,-23.79,-28.014,-1.079,20.891,29.429,-8.9258,-5.889,4.012,15.5175,14.9778,39.3857,0.87,31.54,35.081,27.372,22.355,-17.048,15.138,23.125,20.106,7.978,-32.523,-9.914,-4.316,-13.973,,-31.728,3.47,-1.895,-1.202,-10.9,-25.048,13.4726,2.6958,7.2975,3.1684
"2003-10-31",-16.675,20.93,22.7349,17.7649,24.6815,-23.69,17.543,18.434,18.483,-10.495,-30.559,4.559,11.884,2.605,-14.0138,-8.42,23.953,27.1325,19.1098,23.9467,29.236,35.461,36.269,26.898,25.642,-33.029,5.51,19.135,1.843,-12.343,-31.925,-12.918,-14.079,-23.346,,-41.401,8.894,1.785,-3.519,-9.929,-35.812,11.428,4.2718,6.8485,6.0544
"2003-11-28",-15.594,18.512,20.1439,16.8489,21.3315,-21.356,18.486,19.922,19.79,-6.255,-35.703,-11.384,7.879,7.226,-14.7998,-12.541,40.145,28.2685,23.4258,12.2847,-1.706,29.743,38.598,27.4,24.561,-37.61,4.44,8.564,-13.055,-24.959,-46.021,-19.818,-14.688,-22.884,,-49.954,7.508,0.735,-2.235,-11.272,-43.38,5.966,4.1878,2.4105,1.7454
"2003-12-31",-18.779,18.391,23.7649,18.6329,20.8495,-20.974,19.373,21.458,19.253,-7.576,-39.882,-10.1622,2.47,5.22,-13.5308,-10.031,20.306,29.3925,22.8648,-2.6613,26.674,38.119,41.494,28.689,22.352,-42.85,-7.557,1.42,-14.49,-25.628,-51.419,-19.107,-14.126,-24.681,,-36.916,6.177,-0.722,-1.372,-0.452,-37.772,30.2426,-1.1662,-2.0075,-8.7266
"2004-01-30",-15.063,21.872,22.2759,16.6709,20.5175,-18.004,24.223,27.534,25.319,0.79,-44.331,-5.4192,-0.281,-1.588,-19.4608,-4.104,23.705,29.5345,26.4938,29.5337,-4.795,41.873,44.007,32.809,25.329,-31.268,0.672,6.953,-6.948,-13.688,-41.916,-12.435,-11.692,-17.503,,-38.917,12.722,4.712,-3.104,-4.183,-31.512,29.8116,-3.2122,-0.3665,5.4084
"2004-02-27",-13.864,22.672,23.8969,23.3179,24.8255,-15.994,19.765,28.065,28.057,3.557,-47.5,-8.6872,5.732,9.772,-12.8848,-2.737,18.899,29.6305,31.0948,19.0397,-0.407,41.606,46.122,38.903,27.232,-40.829,-4.096,3.029,-10.412,-26.524,-37.957,-12.967,-13.008,-14.863,,-33.149,8.992,6.762,4.533,-4.892,-38.247,24.7006,6.3158,10.9675,16.6134
"2004-03-31",-12.219,-7.768,21.3339,19.4409,21.6535,-17.42,16.639,19.423,17.892,-10.135,-43.676,-14.8932,-16.592,-16.098,-22.7178,-4.025,20.279,29.4615,27.3898,18.4147,33.856,35.666,42.938,37.46,20.42,-32.805,-2.121,2.541,-1.961,-14.538,-37.735,-13.482,-10.014,-12.881,,-29.93,8.407,6.484,3.994,-3.962,-20.17,28.0596,7.6238,3.5395,0.0484
"2004-04-30",-18.45,22.7444,30.2909,32.1179,26.1235,-21.425,25.307,31.852,32.371,5.139,-49.417,-9.6282,-4.302,-0.582,-15.5938,-6.918,25.574,39.7365,36.9728,20.7597,-7.269,36.691,47.697,42.417,24.079,-39.655,8.177,9.983,9.339,-2.47,-50.079,-12.835,-6.098,-8.765,,-40.816,10.849,8.668,8.499,-0.956,-31.671,33.3596,16.8378,14.0415,-4.8046
"2004-05-31",-15.034,26.3884,30.9999,29.3559,30.4585,-13.389,28.717,36.918,35.081,10.735,-40.41,-5.3372,-13.111,-22.242,-21.7718,-7.284,31.771,44.3665,37.6638,17.6497,0.295,42.065,48.345,39.135,16.182,-37.889,1.129,14.617,5.778,-2.869,-42.463,-15.461,-3.721,-9.426,,-29.749,13.798,11.845,5.557,1.083,-31.551,32.5996,20.2328,11.5085,-3.6996
"2004-06-30",-7.098,20.734,28.398,24.371,24.837,-6.825,28.16,31.368,26.735,1.444,-41.937,-5.3412,-14.152,-24.555,-18.4648,3.698,27.74,44.2115,33.8108,21.1457,2.94,41.477,43.364,34.685,15.421,-22.82,10.038,22.047,16.784,17.595,-41.846,-11.206,-3.753,-7.294,,-27.457,15.588,12.224,3.938,0.443,-19.687,30.9196,18.7388,7.3635,-23.3816
"2004-07-30",-6.536,26.5014,32.3729,29.9129,28.0655,-8.282,26.081,34.399,32.381,7.059,-42.79,-7.8872,-27.875,-42.279,-26.4618,3.651,28.826,40.3575,35.9078,25.9177,4.588,41.656,42.303,34.097,15.811,-23.815,8.798,16.41,11.47,17.134,-43.138,-14.927,-13.671,-19.356,,-31.662,19.036,14.142,5.529,-4.512,-25.342,24.8476,14.2468,8.6555,-9.3996
"2004-08-31",-0.233,19.702,22.538,25.261,24.4915,-0.373,27.876,32.672,34.895,3.985,-39.642,-10.7782,-17.449,-23.355,-27.7928,14.825,32.227,41.7805,38.6298,52.8677,12.107,41.723,40.036,31.89,17.597,-16.832,3.265,8.568,4.715,5.359,-38.985,-11.979,-7.537,-15.89,,-31.887,14.605,8.924,6.112,-7.558,-19.894,21.7356,15.0988,10.9625,-8.6676
"2004-09-30",-0.067,17.23,26.402,26.11,24.7025,0.438,24.04,31.135,27.009,2.572,-101.165,-11.5172,-19.387,-23.864,-22.8908,13.6,28.748,46.7565,42.8158,38.2067,11.51,34.504,37.493,29.736,13.027,-22.805,-6.202,9.891,-5.864,-1.228,-49.439,-22.447,-17.725,-25.039,,-18.66,11.851,11.866,4.477,-12.894,-16.722,22.0026,20.8458,11.3955,-2.5436
"2004-10-29",7.017,22.193,27.17,27.25,24.3995,4.591,25.445,33.073,32.054,7.008,-71.097,-8.4602,-18.563,-23.382,-23.6188,17.12,31.816,36.0055,38.5218,26.3707,9.813,35.105,38.947,27.573,12.937,-20.242,-3.631,7.552,-4.913,-2.186,-39.677,-16.15,-20.473,-22.324,,-15.004,15.804,11.109,3.237,-12.2,-21.152,5.538,17.1058,6.8515,-4.3886
"2004-11-30",10.584,24.067,29.681,30.829,26.615,10.328,31.558,32.803,30.719,12.212,-36.278,-4.4522,-15.198,-16.562,-16.5298,23.513,36.134,37.1455,39.8128,22.9347,20.521,41.087,44.028,34.43,18.44,-11.996,1.772,6.341,-2.823,-1.421,-23.728,-15.623,-22.975,-32.906,,-7.035,23.431,14.712,10.353,-4.997,-15.367,-0.262,18.7098,18.2415,19.6404
"2004-12-31",10.896,35.778,31.489,31.668,30.306,11.742,29.68,34.069,32.407,14.833,-29.804,-7.4192,-21.978,-26.74,-8.7668,22.851,23.133,24.1075,34.8508,13.5977,22.479,36.086,41.099,31.817,18.504,-10.896,-0.674,2.461,-7.166,-1.927,-21.925,-13.843,-24.016,-36.191,,-1.135,20.977,12.077,12.009,-5.414,-14.215,4.051,15.8218,12.6405,18.7744
"2005-01-31",12.082,23.005,29.851,31.051,28.342,11.01,26.129,30.081,27.681,17.79,-26.806,-8.9782,-24.41,-25.895,-3.7248,22.285,20.299,22.0005,25.1658,18.5807,16.262,34.711,37.541,30.536,28.134,-10.758,-0.607,4.551,-4.387,-1.647,-26.65,-15.274,-25.73,-39.166,,-5.983,18.509,13.416,12.47,-5.065,-8.938,-0.335,16.6308,13.0045,21.8364
"2005-02-28",12.436,25.314,30.363,34.238,33.995,10.223,28.926,32.648,31.983,24.035,-29.864,-5.4202,-28.919,-35.435,-0.4558,18.983,20.177,23.3645,26.9278,21.6187,14.581,33.794,40.979,34.767,34.213,-15.596,-0.354,0.987,-10.34,-6.834,-48.981,-32.331,-30.721,-41.356,,-7.215,20.645,18.303,19.189,4.453,-8.03,1.079,18.0588,14.9575,16.0384
"2005-03-31",17.479,28.824,36.365,41.027,45.629,21,34.528,38.538,40.166,34.187,-20.808,-1.1282,-23.825,-25.976,14.1092,29.721,27.946,30.3905,34.3398,17.7407,25.094,38.687,41.845,37.81,38.643,-11.845,8.427,11.421,8.35,17.187,-49.158,-31.421,-23.232,-32.225,,7.575,24.74,21.242,19.48,6.645,-3.504,9.234,18.9748,18.4665,18.3494
"2005-04-29",18.341,26.659,34.576,37.38,39.302,19.805,32.432,40.737,41.702,32.986,-19.306,-5.3062,-19.586,-22.725,10.1322,28.904,26.683,31.4725,32.4218,26.7147,24.952,35.225,47.14,38.274,37.459,-21.292,-3.768,11.623,-3.722,8.799,-46.305,-39.315,-32.405,-37.576,,7.635,21.026,22.127,17.001,4.191,-8.612,4.978,16.2008,12.5875,11.7914
"2005-05-31",30.201,26.99,31.652,33.976,34.671,29.923,30.653,37.11,39.823,30.755,-115.859,0.4168,-14.67,-12.435,8.0562,38.746,21.157,25.5985,27.4388,14.8917,32.969,32.795,43.686,38.578,32.773,-2.293,0.246,1.327,-0.451,4.851,-51.424,-44.668,-36.236,-40.613,,14.588,21.103,20.643,17.269,3.754,5.757,-1.153,9.5688,7.5935,15.1104
"2005-06-30",30.618,23.335,35.121,36.34,37.745,33.049,30.456,38.642,39.558,35.666,-92.658,-1.1972,13.372,-3.438,16.6972,43.175,23.369,36.2705,28.3598,25.4697,36.927,34.178,46.508,41.008,34.937,-0.072,3.319,4.236,3.839,15.061,-49.944,-44.299,-20.357,-28.009,,17.545,21.437,24.795,19.439,11.296,5.563,3.528,12.4878,3.9135,5.3314
"2005-07-29",25.1365,25.821,37.39,38.685,42.637,27.653,31.516,39.475,41.869,42.767,-81.635,3.548,16.087,12.772,18.5132,38.422,31.47,37.5575,33.5378,31.9927,30.068,30.662,43.264,41.149,34.887,-11.758,-3.037,9.141,-3.337,12.254,-63.256,-49.554,-30.468,-29.672,,7.785,21.067,28.415,21.067,13.855,-0.249,2.833,12.5968,10.4555,13.4814
"2005-08-31",28.248,26.96,35.92,39.012,37.574,30.571,31.636,38.616,42.328,36.254,-65.356,3.748,13.832,13.344,18.1302,36.954,22.05,33.2965,30.5798,28.6647,37.519,32.737,38.572,37.63,29.492,-3.021,3.001,3.564,11.733,23.112,-71.295,-67.774,-35.479,-25.101,,15.594,20.207,24.896,18.186,0.968,2.326,-4.049,8.7308,8.9405,16.1384
"2005-09-30",33.099,30.216,37.874,40.727,36.854,39.006,33.892,40.907,42.238,33.663,-42.187,8.37,20.091,16.044,16.5562,42.08,28.213,39.3215,33.0868,22.6897,35.338,33.327,41.067,38.978,24.444,5.508,1.093,11.167,3.055,6.966,-74.377,-72.904,-38.635,-30.439,,19.615,22.921,28.607,20.593,8.803,-0.431,5.41,10.0758,8.5655,12.5674
"2005-10-31",31.6105,31.75,41.061,46.295,45.12,37.373,37.437,44.336,44.597,34.251,-25.943,7.927,18.835,18.082,23.6052,42.682,34.151,44.2125,38.4438,15.5347,34.163,34.631,42.095,40.786,26.851,11.256,6.575,12.768,13.234,21.275,-64.257,-63.274,-43.899,-34.45,,13.375,26.477,31.247,26.493,17.328,3.538,11.205,10.3838,13.3705,14.0204
"2005-11-30",33.102,29.315,42.639,48.801,46.216,42.521,36.358,44.833,48.546,35.439,5.19,3.87,16.608,21.923,25.0992,47.902,37.099,46.3705,44.5698,27.1197,40.176,31.09,38.187,38.664,22.756,17.268,6.713,10.884,12.445,18.789,-30.73,-69.785,-60.862,-49.681,,25.947,24.208,32.624,31.006,21.674,13.614,16.646,14.1388,16.8745,18.1394
"2005-12-30",33.022,30.611,42.0925,44.4335,42.9855,45.196,38.316,45.497,43.007,33.699,9.71,6.537,19.808,20.659,26.7872,51.361,28.782,36.5725,26.8628,14.8477,35.471,27.777,36.416,31.246,17.083,19.891,6.059,12.888,9.604,15.245,-54.65,-61.046,-41.261,-35.901,,24.293,25.284,27.882,29.357,24.708,5.231,2.092,13.2028,12.9165,10.0924
"2006-01-31",30.052,26.102,38.811,36.973,34.428,36.905,35.132,44.335,41.07,27.044,-28.066,-0.584,17.052,14.061,12.7342,47.9,25.08,40.7075,32.7368,23.2777,25.409,25.382,32.127,23.446,8.132,16.041,8.037,13.612,12.973,21.009,-92.913,-74.67,-43.497,-34.311,,11.549,21.859,26.76,24.13,12.019,10.093,10.762,19.0808,19.3745,13.0244
"2006-02-28",30.79,26.333,36.88,41.566,50.481,38.907,31.468,33.959,34.212,31.338,7.993,2.763,14.919,19.857,29.0622,46.453,19.259,38.7135,41.3698,29.9657,27.843,23.014,25.71,24.478,19.436,17.876,11.66,8.359,16.992,36.03,-50.686,-55.758,-37.439,-28.58,,15.207,23.841,24.221,26.813,33.65,10.991,8.356,13.4208,17.2875,24.5464
"2006-03-31",30.986,24.586,33.208,36.52,47.203,47.395,33.869,30.204,29.7,20.735,21.909,5.862,18.089,23.261,31.8552,52.038,24.966,36.8935,36.8668,30.0537,26.693,20.886,30.662,26.038,19.619,19.739,15.678,11.542,15.315,29.101,-31.861,-26.074,-21.374,-19.902,,13.836,21.27,24.092,22.216,26.723,20.814,24.0286,10.9518,6.0225,11.5014
"2006-04-28",28.826,27.003,34.963,33.385,43.22,41.338,34.58,33.066,28.743,19.87,21.202,7.595,17.105,17.883,16.9632,50.222,21.916,36.0765,32.3878,19.7097,25.992,18.986,24.114,18.358,13.448,14.584,10.297,12.131,8.082,24.046,-36.356,-23.728,-29.92,-24.831,,7.307,18.687,21.681,17.406,23.558,16.705,19.7056,10.0498,0.2105,9.8174
"2006-05-31",29.324,24.317,36.084,38.835,48.0885,48.751,44.136,43.244,43.256,32.431,15.333,6.63,18.94,19.194,20.8032,46.508,28.206,38.0815,36.7088,28.3097,30.025,16.985,24.129,17.405,12.775,7.786,1.982,10.591,9.339,30.365,-49.379,-40.973,-44.843,-44.481,,-0.459,19.269,26.118,24.313,28.112,15.902,19.9116,14.4218,9.6665,6.6564
"2006-06-30",33.038,28.555,39.953,41.278,51.43,54.131,43.102,45.048,44.61,40.236,22.538,10.411,23.232,27.207,29.9852,54.555,33.891,45.3715,43.3268,32.2457,25.13,17.984,20.921,15.025,10.123,25.561,18.456,15.524,17.177,43.501,-34.357,-21.047,-29.382,-27.906,,18.397,19.318,26.686,22.974,23.727,23.113,23.6416,14.7418,12.8195,15.0794
"2006-07-31",34.769,26.506,34.602,35.13,45.5025,48.794,38.057,43.771,44.04,40.809,25.549,6.153,17.876,20.671,21.5642,54.814,29.415,39.7595,37.3948,31.0587,32.846,20.469,22.292,16.108,10.235,30.915,15.253,10.507,11.006,36.744,-15.979,-15.08,-22.984,-36.161,,16.395,18.376,20.356,15.921,21.345,19.669,14.5486,8.0848,9.5775,16.1754
"2006-08-31",31.709,22.3795,31.923,36.538,41.85,44.801,38.306,43.325,47.794,41.142,12.349,0.518,12.598,16.498,6.2342,52.899,27.022,38.5525,38.6378,28.2597,35.141,20.968,24.908,20.879,9.342,26.869,6.543,6.675,10.071,27.621,-242.05,-19.047,-22.587,-35.547,,22.901,13.07,16.275,13.583,10.452,23.15,10.2136,-0.5612,4.0985,4.2524
"2006-09-29",35.124,21.036,30.929,31.897,40.047,46.083,37.246,44.087,45.461,41.557,-90.455,3.447,13.764,14.245,13.0232,54.496,29.425,39.7635,34.8568,29.0877,35.564,24.966,24.514,17.77,7.627,29.939,8.759,9.433,2.635,26.042,-36.001,-30.483,-25.164,-42.192,,18.994,10.621,15.844,12.018,15.625,24.682,9.6376,7.4908,9.9965,14.4264
"2006-10-31",27.449,17.349,29.309,33.55,39.311,41.477,30.346,38.5,43.189,41.098,-15.735,-4.586,12.758,14.249,14.9982,53.463,26.41,39.8765,40.7838,38.9497,35.496,20.982,22.3955,17.8905,8.622,24.927,8.42,5.622,5.333,22.182,-56.403,-49.63,-36.695,-45.167,,11.102,6.803,11.611,10.246,17.205,17.191,-0.4304,4.8828,9.3575,12.0294
"2006-11-30",23.8305,13.001,21.432,26.736,38.858,41.632,28.875,36.173,41.964,42.954,8.402,-5.513,5.555,8.741,14.0652,47.392,20.371,34.8155,33.6598,30.2227,30.768,19.903,19.901,17.129,9.09,15.978,2.284,-0.769,-0.562,16.738,-68.589,-64.685,-47.988,-50.09,,14.516,0.694,3.701,3.12,4.717,8.232,-10.6264,-8.8052,-2.2515,6.2274
"2006-12-29",23.528,13.604,20.057,23.215,34.431,38.991,30.012,35.961,44.071,38.528,23.979,-3.671,4.794,9.645,9.3212,45.94,23.091,32.8355,34.7718,22.9257,29.355,26.507,20.522,16.273,8.047,15.138,3.75,0.38,-2.506,8.779,-57.322,-59.493,-45.773,-51.85,,9.664,2.609,2.133,-0.215,0.322,-3.669,-22.6844,-26.0052,-19.3105,-11.3786
"2007-01-31",23.204,13.641,24.777,29.0955,37.048,35.373,30.769,40.383,49.178,47.317,2.526,-4.24,9.687,13.073,13.5532,44.814,27.221,36.6925,42.7358,30.1137,23.409,32.101,25.914,18.418,10.245,14.972,9.473,9.058,9.588,25.043,-60.503,-68.563,-55.865,-50.465,,6.641,3.954,6.198,8.307,10.908,-1.126,-19.3264,-20.9142,-16.4935,-11.1056
"2007-02-28",24.143,16.942,28.579,32.309,41.721,41.644,34.665,42.572,49.123,47.154,9.292,-2.849,10.478,13.519,14.7412,48.383,21.662,40.0835,45.3218,33.8037,29.535,34.892,24.476,15.534,7.023,15.188,3.314,3.817,1.551,16.34,-50.709,-62.942,-52.761,-61.621,,11.668,5.364,6.627,4.982,10.992,-1.038,-12.3244,-13.3362,-9.3915,-1.9416
"2007-03-30",29.708,18.5025,23.307,25.726,37.098,45.913,36.081,39.303,46.132,40.898,15.51,-1.665,10.83,10.536,8.4402,51.495,18.407,40.4035,49.8248,38.0047,32.212,19.519,23.968,15.241,5.155,21.092,6.407,6.171,-2.773,8.176,-37.354,-52.159,-64.278,-78.497,,15.999,6.824,4.329,2.272,0.94,2.802,-10.2864,-12.3072,-13.0595,-6.2926
"2007-04-30",34.5365,19.444,27.1085,28.071,39.9465,51.028,37.432,46.284,48.872,49.213,9.726,-2.62,8.699,8.317,7.5262,60.417,15.961,39.6185,45.8728,35.8907,35.586,17.692,18.548,11.896,3.779,27.507,11.703,9.139,2.455,14.967,-27.073,-38.644,-55.196,-74.741,,20.018,7.264,7.27,3.541,4.391,4.221,-8.7114,-5.6742,-4.3495,0.3564
"2007-05-31",29.381,17.488,25.931,28.993,42.527,44.982,35.956,42.545,48.114,46.647,1.819,7.558,8.936,11.782,7.88,52.631,12.494,40.1105,51.3108,40.1207,24.79,20.108,14.996,10.672,0.048,23.51,7.946,6.729,1.222,9.522,-42.315,-54.818,-60.785,-63.844,,19.581,6.899,8.439,4.108,7.133,-5.203,-13.5654,-4.8602,-1.4235,13.4384
"2007-06-29",31.1265,22.7575,28.8885,31.251,45.942,45.452,37.024,46.75,47.62,49.033,-3.515,-0.299,6.366,10.704,13.599,51.797,7.399,36.2055,46.5458,37.8487,29.03,23.657,19.92,10.656,5.489,25.558,17.906,6.36,6.262,17.951,-50.717,-52.429,-43.114,-39.647,,9.927,12.006,10.014,7.09,12.172,-1.341,-0.3124,-4.3532,0.6295,24.7234
"2007-07-31",32.279,19.3445,30.916,31.543,48.197,45.903,45.43,56.755,59.267,60.108,-13.179,-22.862,-2.256,8.195,9.752,56.754,15.123,41.7025,48.3628,33.3757,31.414,26.322,21.895,8.78,1.052,23.84,13.25,4.73,0.403,20.05,-10.912,-12.646,-22.154,-41.03,,6.844,12.594,14.065,5.938,11.524,-14.399,-9.6374,-2.4512,0.6995,24.3234
"2007-08-31",25.021,20.377,28.534,25.599,40.347,60.454,56.15,59.512,57.761,54.061,-2.304,-14.999,-7.867,-1.194,-5.992,104.088,34.079,44.1625,47.0988,39.3807,43.05,32.615,24.209,16.196,-1.123,41.281,21.651,5.811,-6.949,4.136,-37.431,-37.221,-53.516,-64.171,,36.455,26.274,16.229,3.651,4.364,-2.295,-18.7284,-13.3522,-14.5985,-0.3386
"2007-09-28",8.468,10.73,21.095,20.545,37.044,52.273,44.752,50.363,51.827,54.619,3.922,-6.595,6.236,10.036,12.887,93.192,11.62,30.0925,32.0908,32.0477,44.345,26.435,22.759,16.837,7.268,26.335,16.19,9.769,-11.296,18.287,-86.219,-82.655,-65.678,-76.347,,1.982,3.262,3.141,-7.34,1.952,-14.19,-26.2454,-20.3652,-15.4095,1.3714
"2007-10-31",11.997,8.142,23.607,20.836,34.661,41.832,44.612,52.659,52.193,51.517,-21.457,-5.033,0.986,5.778,14.296,73.131,12.888,41.3825,42.8998,38.6447,44.882,29.512,24.005,12.274,4.343,12.373,5.725,-1.229,-28.405,-3.52,-93.803,-94.038,-71.73,-85.03,,-0.82,6.022,6.963,-3.153,0.271,-16.691,-24.8564,-8.4432,-13.3315,-9.7886
"2007-11-30",41.781,25.673,20.967,10.953,28.597,75.7,64.74,61.128,47.454,44.669,-13.714,-14.907,4.47,3.163,10.833,125.158,21.751,66.0925,43.7828,31.1137,87.864,50.794,28.274,5.388,-11.062,33.12,2.962,-24.919,-38.982,-24.439,-20.937,-38.447,-45.421,-86.102,,42.287,19.945,9.771,-6.319,-3.904,13.178,-8.4744,-8.4412,-31.6135,-31.0846
"2007-12-31",13.413,16.644,22.362,14.731,27.432,62.01,55.457,59.648,47.424,46.628,-25.602,-9.732,11.386,8.113,12.435,95.608,9.701,61.2725,44.3828,31.2807,52.239,43.182,27.055,6.015,-3.874,23.594,9.428,-16.153,-44.697,-37.133,-51.756,-64.444,-40.953,-91.45,,27.146,10.92,11.08,-4.429,2.737,-20.531,-30.5254,-15.6272,-31.7895,-31.6786
"2008-01-31",-1.767,8.33,19.918,5.886,21.117,28.314,44.005,55.615,41.688,36.542,-33.769,0.504,4.801,-1.276,-5.228,79.257,17.548,50.5505,23.4598,14.8567,36.21,49.082,35.84,11.445,-4.814,-15.15,-4.82,-20.531,-48.648,-45.214,-83.735,-60.016,-42.899,-88.425,,3.678,0.301,4.313,-15.666,-13.27,-35.061,-37.4294,-23.1272,-44.4365,-41.0396
"2008-02-29",12.911,23.819,32.695,22.272,30.966,43.614,57.106,66.917,52.19,37.792,-37.348,2.23,13.982,8.03,-5.239,104.378,42.77,66.0245,45.5438,24.9577,48.671,54.045,36.338,16.045,-4.518,-36.558,-14.659,-46.996,-55.867,-45.185,-58.175,-38.403,-29.757,-84.673,,21.7,13.22,13.103,-8.893,-12.656,-15.221,-19.2344,-10.8862,-30.9785,-51.3016
"2008-03-31",-17.084,-9.292,22.448,0.997,20.692,39.478,55.623,74.437,67.188,70.404,-91.246,-40.903,-23.473,-4.144,-0.383,99.158,-10.169,53.2035,28.8598,11.8807,18.909,44.962,30.458,10.091,-15.432,-63.948,-37.874,-40.959,-65.952,-57.266,-104.204,-80.668,-58.298,-77.513,,2.703,3.867,4.203,-25.497,-32.567,-41.065,-46.5834,-17.6032,-40.5795,-60.0626
"2008-04-30",-21.501,-6.957,12.143,1.9925,13.561,37.96,48.305,58.985,46.132,35.857,-53.471,-23.41,-22.402,2.671,1.592,88.25,29.469,37.6615,29.5518,8.5567,47.926,39.253,33.764,22.348,-0.944,-55.566,-41.05,-55.874,-57.979,-35.784,-66.742,-38.636,-18.323,-50.723,,-12.41,0.389,-2.037,-27.624,-40.621,-30.652,247.231,-32.4592,-53.8355,-76.3996
"2008-05-30",-50.565,-8.194,21.153,8.689,19.451,13.679,40.319,56.899,46.217,32.642,-70.295,-23.306,-19.625,2.524,1.598,51.144,10.685,31.2755,23.3398,0.8357,40.01,51.63,33.617,22.686,3.073,-53.062,-27.567,-24.542,-35.861,-32.946,-84.794,-44.573,-40.789,-58.996,-63.625,-55.651,-8.946,-0.95,-20.567,-35.473,-43.388,275.265,-20.4662,-42.3015,-70.6616
"2008-06-30",-27.057,-11.631,19.234,3.261,23.5465,30.275,47.956,63.099,47.186,43.698,-68.913,-27.492,-12.395,-1.617,8.378,66.241,10.564,33.9325,22.0368,9.0307,51.661,61.303,52.242,36.866,15.074,-41.673,-25.293,-25.719,-45.806,-58.27,-49.021,-37.176,-27.252,-41.22,,-68.331,-12.955,-8.703,-32.674,-36.526,-21.118,296.072,-24.9162,-35.5805,-36.0746
"2008-07-31",-26.243,-4.665,14.548,2.688,22.377,22.32,42.087,58.283,46.322,45,-35.102,-1.623,5.4575,8.805,16.823,82.038,20.258,28.901,22.307,14.128,54.707,71.364,66.646,42.434,26.692,-27.971,-3.103,-18.365,-36.458,-57.747,-9.514,-4.921,-8.373,-38.669,-39.733,-57.474,-17.142,-19.253,-45.505,-54.209,-36.261,258.141,-31.4172,-38.4485,-44.7466
"2008-08-29",-22.8,0.757,16.853,1.662,22.289,34.965,51.315,56.726,41.499,37.644,-36.125,-4.92,-0.773,-2.899,12.841,101.916,26.455,37.946,17.817,8.423,68.43,83.24,80.369,51.467,34.119,-27.009,-19.216,-15.651,-42.484,-48.092,-22.197,-20.423,-23.367,-57.243,-62.522,-32.624,-3.836,-11.567,-39.784,-50.256,-26.76,277.012,-24.0612,-41.2985,-52.4326
"2008-09-30",-118.862,-23.156,-6.057,-16.165,36.557,49.282,64.543,61.419,33.931,44.223,-132.234,-22.275,-7.065,-8.556,18.433,139.386,-24.921,11.542,-17.062,-12.711,112.215,126.438,107.719,62.062,36.918,5.187,12.573,-8.434,-65.807,-62.424,23.645,23.104,-12.39,-55.793,-60.802,-43.732,1.315,-3.759,-41.892,-38.049,-104.933,235.498,-39.3702,-67.4855,-69.0866
"2008-10-31",-51.434,-16.465,-5.582,-25.234,20.527,78.273,74.761,61.646,28.606,35.37,-61.929,8.757,26.389,15.897,57.451,183.83,9.851,26.113,-29.369,-7.356,109.604,105.071,116.76,52.757,17.095,48.833,39.746,1.487,-64.233,-20.977,56.145,58.472,47.488,-19.411,,-41.221,-0.453,3.268,-29.473,-15.858,21.793,185.359,8.8598,-26.3485,-23.9336
"2008-11-28",-78.337,-45.421,-38.619,-76.846,-47.592,23.3,39.821,36.336,-5.608,-17.2005,-104.586,-3.325,12.02,-6.782,13.258,128.076,85.236,74.689,-12.401,-33.587,83.44,82.261,129.468,42.782,11.332,54.241,55.558,8.882,-60.484,-57.296,85.611,66.799,21.573,-62.433,,-80.362,-22.595,-13.14,-55.199,-57.801,3.882,164.254,0.8158,-57.5665,-63.8076
"2008-12-31",-22.5,-49.542,-53.72,-62.159,9.653,14.332,8.484,15.005,12.173,19.8,-106.426,-45.841,-14.345,0.597,55.301,102.714,20.523,12.85,-26.396,9.768,70.634,58.977,64.833,53.87,32.174,59.707,22.225,-11.096,-40.319,-52.203,82.912,57.866,31.628,-3.447,-9.722,-22.245,-25.048,-49.321,-63.635,-25.419,-21.933,126.702,-12.3932,-65.2195,-44.1806
"2009-01-30",-40.022,-38.668,-28.958,-49.684,-7.336,-0.171,0.973,11.209,4.397,12.131,-30.489,-16.175,13.135,25.354,48.934,110.102,40.483,21.094,-17.221,2.274,114.244,112.121,108.274,76.041,29.241,71.212,40.158,16.222,-23.988,-46.373,121.272,84.443,65.986,10.865,,-25.667,-3.685,-1.793,-35.753,-22.76,-40.982,101.65,-18.9742,-58.9375,-40.3926
"2009-02-27",-49.12,-39.003,-39.56,-37.941,3.976,-15.436,-18.727,-15.574,-18.525,-9.318,-88.671,-59.423,-45.359,-14.083,35.852,92.926,29.363,-6.514,-28.081,-27.685,87.792,105.369,95.215,70.648,4.644,74.53,60.7,38.724,-28.659,-57.298,126.597,105.856,76.928,12.702,,-9.747,11.419,-0.643,-21.655,-16.019,-70.278,-30.7344,-14.6692,-44.7745,-60.3026
"2009-03-31",-33.36,-26.612,-29.431,-45.478,-9.418,-5.858,-14.361,-17.173,-28.71,-30.782,-80.048,-56.278,-50.872,-51.873,-10.795,94.783,23.369,-2.589,-42.057,-26.996,72.976,82.676,80.556,49.895,2.203,55.725,44.989,25.264,-45.481,-73.934,128.79,82.06,41.828,2.831,-6.172,-5.693,6.69,3.09,-22.35,-23.835,-60.564,-54.6844,-38.7302,-60.5475,-57.6386
"2009-04-30",-4.847,1.252,-1.923,-27.126,-9.669,-2.229,-6.873,3.489,-20.315,-26.468,-65.249,-44.696,-39.589,-18.052,11.433,90.654,24.31,17.075,-29.928,-44.642,79.837,85.013,81.567,38.596,-16.073,54.937,46.823,23.781,-54.806,-66.467,107.844,65.884,64.592,25.735,,25.699,19.506,22.677,-24.536,-37.339,-41.841,-57.2164,-25.6582,-69.9685,-69.6246
"2009-05-29",-20.257,-2.207,2.083,-14.522,7.42,-41.527,-24.922,-12.532,-15.4,-26.399,-58.7,-30.354,-57.108,-16.888,-7.677,58.545,3.002,1.131,-29.1405,-36.175,55.299,68.647,60.611,35.437,-26.289,39.794,46.32,30.282,-28.437,-57.641,96.262,53.548,54.568,33.172,14.646,12.599,17.198,30.595,0.687,-19.764,-78.47,-65.6084,-25.2012,-42.9825,-39.2986
"2009-06-30",-32.657,-11.654,-6.595,-13.804,16.414,-45.221,-24.61,-17.323,-16.814,-21.409,-57.415,-35.894,-63.966,-39.436,-10.206,48.613,-3.878,-2.155,-24.318,-22.353,49.615,63.273,44.726,19.437,-48.815,44.842,46.469,28.666,-30.352,-67.528,102.603,50.663,46.63,47.479,31.502,5.389,13.558,23.993,-4.642,-17.824,-56.595,-58.4784,-29.6112,-47.6245,-33.8876
"2009-07-31",-22.84,-15.529,-13.449,-12.734,-0.089,-38.93,-31.182,-25.156,-25.87,-26.122,-32.513,-23.167,-54.721,-25.081,1.065,43.988,-20.958,-37.773,-40.568,-50.527,45.57,59.569,45.665,28.452,-43.365,33.106,49.121,27.676,-25.478,-65.009,98.975,38.342,34.957,40.63,61.218,4.626,-3.5,13.198,-10.045,-18.984,-64.01,-71.1424,-58.2132,-71.0925,-44.7306
"2009-08-31",-31.538,-15.007,-12.421,-13.678,3.88,-41.916,-22.825,-18.789,-27.595,-22.562,-42.257,-29.649,-52.666,-24.306,-32.347,32.26,-8.141,-31.857,-31.755,-37.303,27.771,50.818,43.223,26.48,-34.67,-2.191,18.126,-0.444,-46.95,-82.278,97.467,31.831,28.04,20.504,28.739,-9.502,-5.586,12.558,-11.218,-19.865,-48.939,-64.5804,-38.8392,-48.8635,-46.0216
"2009-09-30",-32.385,-16.964,-10.194,-19.728,-0.076,-42.567,-28.43,-27.696,-38.895,-27.73,-17.353,-19.312,-40.562,-23.775,-25.021,27.13,-7.586,-33.499,-42.965,-41.921,6.085,40.151,37.158,23.911,-19.534,-3.143,5.411,-9.921,-51.796,-67.624,83.707,25.534,20.278,-2.578,12.648,-30.17,-5.211,13.921,-8.689,-12.58,-53.887,-46.8014,-42.8592,-62.9135,-56.7476
"2009-10-30",-22.084,-12.271,-3.418,-12.685,9.638,-41.887,-27.176,-20.912,-39.108,-42.422,-14.885,-10.027,-17.459,-12.97,-15.883,33.294,5.423,-21.303,-35.065,-41.037,13.387,40.54,38.594,20.316,-22.03,21.63,23.329,8.418,-27.438,-30.714,96.258,30.267,34.691,1.902,10.276,-23.883,-1.539,15.959,-9.973,-12.105,-53.022,-46.5624,-31.6642,-55.9355,-67.8986
"2009-11-30",-31.067,-20.112,-13.918,-28.197,-3.181,-29.341,-21.008,-18.847,-36.472,-39.572,-18.309,-21.957,-4.355,-6.746,-13.853,27.276,-9.071,-32.266,-49.476,-61.413,7.715,35.763,39.613,19.18,-21.313,-6.121,4.184,10.233,-23.487,-69.906,83.5,28.799,35.361,9.926,11.867,-36.189,-4.369,7.653,-12.064,-20.891,-42.989,-49.7824,-45.7402,-66.1225,-73.3056
"2009-12-31",-34.426,-30.487,-9.324,-19.437,9.926,-38.006,-31.806,-27.002,-38.526,-35.377,-22.04,-32.058,-19.837,6.022,-5.596,19.27,-24.746,-41.922,-50.719,-70.413,6.872,29.377,35.409,13.699,-32.996,-3.687,-5.663,12.687,-11.445,-27.515,75.317,35.609,59.386,37.471,37.242,-54.975,-19.036,3.174,-10.336,-14.062,-56.74,-67.4884,-49.2202,-58.6865,-64.5056
"2010-01-29",-33.979,-20.856,-6.993,-18.449,1.69,-36.381,-25.767,-23.39,-38.603,-36.646,-10.609,4.896,16.787,19.218,2.665,19.267,-17.844,-36.967,-48.159,-63.571,-1.32,27.133,27.71,8.848,-40.282,-16.047,-2.597,9.442,-23.759,-44.432,53.408,26.508,50.827,36.466,35.697,-61.667,-17.13,3.108,-10.692,-18.959,-54.434,-60.5484,-48.3682,-62.6565,-67.6596
"2010-02-26",-50.992,-32.534,-8.206,-22.412,-5.418,-41.375,-31.449,-23.065,-41.679,-43.122,-26.754,-6.961,25.036,32.67,15.193,17.086,-27.338,-38.025,-52.523,-64.974,0.325,19.091,28.763,8.409,-43.374,-21.605,-8.998,15.481,-15.913,-45.019,43.917,24.051,47.663,18.958,2.539,-57.73,-17.112,-0.678,-11.945,-24.65,-58.556,-62.8014,-67.0672,-83.6555,-81.4876
"2010-03-31",-52.254,-38.187,-12.453,-29.728,-16.382,-38.148,-34.323,-30.702,-45.072,-46.27,-16.807,-8.73,20.389,21.886,11.475,9.893,-37.568,-46.406,-65.1,-69.445,-8.809,8.605,10.963,-2.289,-51.411,-30.255,-13.676,4.725,-24.916,-38.757,32.97,15.231,47.222,27.856,16.585,-61.774,-28.33,-7.625,-15.43,-18.689,-53.804,-64.3164,-75.4112,-86.0035,-81.4006
"2010-04-30",-55.879,-47.212,-20.317,-29.893,-16.209,-36.819,-33.259,-34.338,-44.56,-47.334,-21.223,-21.007,-0.283,10.227,3.474,12.684,-37.912,-43.522,-70.692,-72.461,-0.439,11.428,3.896,-20.109,-61.98,-35.619,-11.794,2.264,-32.399,-50.066,45.282,25.194,47.429,30.736,-2.308,-37.919,-27.437,-11.612,-12.964,-15.817,-46.28,-65.0014,-86.9552,-86.9485,-79.9856
"2010-05-31",-64.727,-57.781,-33.83,-36.869,-22.582,-18.903,-20.961,-30.425,-41.421,-39.027,-0.166,-1.803,14.065,16.5,13.627,15.12,-26.144,-32.808,-60.04,-61.437,33.684,34.283,12.815,-22.946,-66.402,-4.226,8.734,7.478,-31.24,-46.326,43.795,31.162,25.198,3.976,,-22.828,-10.582,-2.005,-12.024,-16.548,-77.665,-96.7224,-112.3822,-108.2925,-76.9266
"2010-06-30",-59.495,-65.079,-43.892,-42.598,-30.968,-22.488,-31.006,-42.171,-47.858,-43.574,-2.456,-7.826,10.544,13.168,15.026,29.297,-23.234,-35.218,-63.308,-68.172,30.774,26.901,17.419,-20.297,-63.572,6.904,3.998,-6.764,-27.439,-36.722,46.204,45.949,51.598,26.423,,-21.379,-23.885,-11.011,-20.64,-18.163,-86.4186,-83.9254,-89.6612,-89.5645,-53.5466
"2010-07-30",-62.79,-60.887,-33.711,-53.244,-43.386,-34.666,-40.787,-41.029,-48.721,-46.618,-15.029,-10.844,12.123,3.516,13.305,15.606,-23.67,-39.426,-72.658,-82.084,13.369,13.847,20.448,-16.991,-64.378,-6.715,-2.927,-0.797,-29.263,-37.595,31.592,43.856,61.903,40.736,28.732,-15.724,-33.111,-11.905,-20.715,-20.83,-70.7766,-89.6794,-94.8562,-114.4365,-98.0046
"2010-08-31",-69.908,-67.47,-29.062,-40.494,-41.03,-44.18,-47.866,-46.858,-42.072,-53.32,-16.701,-19.725,9.028,4.643,-5.705,23.106,-19.847,-38.413,-65.576,-83.978,9.018,10.679,32.5485,5.931,-53.891,-17.276,-14.761,-10.141,-29.291,-56.266,41.765,54.624,88.424,70.883,48.729,-28.361,-38.575,-6.395,-3.6,-16.304,-78.0916,-95.7144,-85.8862,-87.4485,-88.3566
"2010-09-30",-64.76,-66.928,-37.8,-46.453,-45.033,-49.779,-47.771,-43.318,-46.451,-50.323,-20.981,-14.091,15.452,16.781,-0.917,17.494,-9.209,-35.673,-62.692,-84.136,-1.084,8.9,31.1695,10.5078,-50.516,-23.153,-22.845,-11.986,-42.677,-82.514,32.401,44.067,81.077,65.284,36.918,-45.512,-48.627,-6.776,-8.995,-16.469,-83.8806,-91.2474,-85.2952,-90.2825,-106.3306
"2010-10-29",-44.582,-50.396,-24.331,-33.391,-46.369,-45.663,-46.241,-36.587,-47.312,-50.977,-11.92,-8.717,30.13,23.932,3.981,26.007,1.848,-21.096,-51.126,-89.918,1.338,11.863,32.243,9.9098,-58.185,-8.545,-4.692,10.639,-28.15,-72.526,38.085,47.813,82.839,58.39,14.991,-33.805,-37.475,18.93,12.199,-5.025,-67.41,-75.2924,-71.1182,-84.1015,-86.8596
"2010-11-30",-76.984,-74.399,-56.557,-51.112,-58.323,-40.73,-42.902,-46.171,-41.721,-57.32,-18.268,-1.528,16.889,28.522,1.405,15.864,-4.315,-33.509,-54.564,-91.556,4.694,20.567,26.31,13.464,-64.735,-5.837,5.186,3.01,-26.353,-72.888,47.018,70.837,92.763,81.485,53.844,-39.966,-36.984,-4.094,-5.51,-19.684,-51.494,-75.5384,-69.5042,-76.1135,-106.9951
"2010-12-31",-84.352,-74.374,-56.338,-39.652,-40.578,-42.001,-46.799,-57.602,-50.068,-47.511,-11.139,1.922,10.099,23.929,7.894,11.62,-11.411,-35.832,-54.91,-80.549,-1.102,12.204,13.614,-0.313,-69.644,-7.677,0.948,-0.773,-31.384,-73.445,40.12,54.992,92.334,93.275,76.761,-56.224,-42.556,-14.563,-10.87,-12.467,-64.021,-76.6814,-70.4082,-82.3235,-98.5516
"2011-01-31",-55.852,-55.047,-38.734,-38.797,-47.761,-35.894,-40.386,-43.597,-48.994,-54.899,-10.861,-4.07,20.676,24.378,1.775,19.311,-4.082,-28.213,-53.535,-87.299,-4.455,12.98,22.511,0.349,-73.792,-16.262,-11.127,-5.83,-35.458,-65.035,36.193,43.319,77.721,61.296,41.813,-64.126,-56.068,-6.02,-19.167,-32.359,-64.086,-74.8814,-61.5502,-73.9415,-93.5416
"2011-02-28",-65.032,-57.365,-35.892,-26.825,-34.238,-34.171,-37.758,-42.758,-45.355,-53.782,-24.182,-9.707,15.437,25.852,12.849,12.237,-16.223,-31.886,-52.78,-82.921,-10.134,5.672,12.7508,-5.708,-79.163,-19.368,-8.895,7.943,-33.294,-60.609,44.176,52.767,89.02,91.003,75.105,-63.458,-54.633,-16.467,-20.281,-25.33,-72.506,-93.0984,-78.7172,-82.1475,-111.1886
"2011-03-31",-56.6705,-50.782,-29.677,-26.4185,-34.433,-32.1835,-35.296,-41.151,-42.783,-44.204,-7.45,-5.333,11.214,20.593,5.041,7.857,-14.038,-31.685,-53.394,-81.138,-10.701,5.8048,7.923,-13.2428,-76.573,-8.95,-3.047,-0.375,-31.917,-53.626,56.01,52.711,87.503,85.565,71.319,-67.833,-58.865,-30.648,-33.113,-34.478,-65.749,-83.2124,-78.7612,-90.4775,-124.6616
"2011-04-29",-40.065,-41.202,-27.95,-37.203,-38.697,-26.426,-30.758,-36.666,-46.877,-46.994,-3.39,7.83,14.939,12.428,0.579,13.478,-7.333,-25.139,-50.868,-75.595,-9.723,3.802,8.258,-19.719,-74.602,-5.636,-5.761,-2.072,-37.98,-60.686,47.886,36.596,68.909,48.6,17.9,-16.97,-37.689,-36.269,-45.82,-57.186,-64.969,-104.4924,-87.6992,-96.2005,-124.4206
"2011-05-31",-51.03,-49.627,-28.577,-33.071,-38.546,-26.278,-37.674,-38.209,-42.656,-47.915,-11.845,-2.968,20.436,24.888,16.064,20.967,-9.397,-27.065,-52.165,-87.761,-7.618,8.276,18.149,-12.491,-72.263,-10.889,-7.489,-2.902,-36.606,-67.128,46.07,28.876,58.372,37.578,21.522,-41.05,-49.438,-34.976,-42.61,-54.22,-83.765,-103.8314,-101.6832,-98.9665,-119.8216
"2011-06-30",-45.502,-44.222,-30.112,-40.721,-40.698,-26.992,-33.754,-35.188,-43.23,-55.964,-6.26,2.331,22.709,31.333,6.603,29.736,-7.84,-24.16,-55.595,-94.729,-9.091,4.199,17.262,-13.687,-81.458,-5.082,-5.109,-7.017,-45.495,-90.348,49.217,39.299,56.59,32.714,,-62.054,-56.843,-33.097,-48.501,-52.196,-83.551,-97.9794,-90.2212,-101.0075,-141.2696
"2011-07-29",-63.735,-66.303,-51.824,-61.071,-54.858,-28.724,-38.483,-36.343,-43.436,-54.765,-12.175,-8.835,17.1,24.383,10.683,33.985,-17.623,-32.279,-71.284,-109.049,-8.849,4.745,20.308,-11.396,-74.912,-20.582,-14.664,-21.647,-58.823,-106.852,31.731,22.476,39.876,14.733,,-82.044,-78.241,-41.362,-57.642,-59.172,-89.681,-109.5734,-107.2452,-127.632,-167.2176
"2011-08-31",-86.965,-76.612,-56.896,-56.748,-49.776,-16.412,-35.928,-40.325,-32.85,-48.784,-5.707,-2.183,20.914,30.037,5.401,25.352,-14.653,-23.993,-59.187,-112.379,8.093,18.444,30.725,13.874,-47.053,-9.765,-20.192,-26.689,-52.644,-102.157,38.24,33.347,42.865,23.067,-22.571,-96.699,-67.487,-41.57,-49.839,-46.244,-125.63,-126.3584,-108.1082,-105.9335,-137.7856
"2011-09-30",-117.255,-95.959,-71.407,-57.231,-25.697,-16.778,-39.136,-46.498,-35.187,-33.911,-13.7,-4.913,15.61,25.099,18.627,,,,,,16.373,24.814,30.233,10.9249,-28.776,7.503,2.524,-20.496,-36.7,-65.327,42.824,43.031,58.993,48.733,35.058,-87.823,-70.941,-49.939,-50.315,-28.351,-108.273,-130.7054,-113.2512,-116.1345,-172.7256
"2011-10-31",-109.395,-95.445,-70.109,-49.663,-14.469,-30.622,-46.357,-50.054,-44.892,-39.468,-15.457,-12.254,4.672,7.545,0.821,,,,,,22.704,27.373,33.425,5.453,-40.236,22.6,16.674,-6.233,-26.666,-50.655,46.396,47.187,60.772,43.17,35.833,-78.022,-73.473,-44.503,-47.259,-14.386,-108.483,-113.4304,-102.3452,-112.9255,-122.5116
"2011-11-30",-150.489,-117.507,-84.491,-57.48,-18.072,-24.09,-53.879,-62.911,-55.922,-47.387,-25.586,-34.235,-11.64,-1.231,-23.009,,,,,,36.5762,38.858,40.966,11.382,-35.883,16.228,-17.169,-28.204,-52.573,-100.242,49.124,49.658,48.195,26.017,10.26,-98.102,-76.601,-50.35,-42.986,-15.209,-186.734,-176.9644,-147.0782,-129.4325,-124.5526
"2011-12-30",-156.408,-127.573,-99.728,-80.363,-52.438,-16.09,-46.855,-67.977,-67.591,-49.842,-24.673,-30.389,1.775,-3.122,-9.723,,,,,,38.205,37.4589,36.0879,3.2135,-42.6896,12.163,-10.236,-40.43,-53.869,-102.706,67.036,74.018,76.616,51.962,26.922,-93.158,-75.015,-48.001,-48.21,-32.053,-154.61,-134.0894,-115.4802,-124.7535,-140.0206
"2012-01-31",-102.7,-93.199,-80.724,-55.065,-28.407,-19.002,-45.695,-61.789,-62.02,-49.4355,-33.498,-34.686,2.344,3.015,-6.933,,,,,,24.043,19.3191,24.981,-4.229,-48.3011,-6.434,-13.456,-28.062,-40.368,-79.034,42.579,53.191,70.495,49.518,43.986,-98.69,-83.313,-51.168,-46.244,-28.245,-129.867,-136.2654,-124.8022,-127.5655,-141.2686
"2012-02-29",-90.397,-87.698,-63.935,-41.039,-29.642,-19.323,-44.156,-61.296,-57.915,-48.493,-38.41,-38.852,-9.945,4.333,2.616,,,,,,15.2,12.724,9.396,-12.7809,-63.518,10.046,-6.82,-15.199,-32.972,-58.776,37.696,44.178,50.694,32.908,17.551,-91.121,-85.096,-49.323,-44.379,-31.642,-109.426,-130.3704,-124.4282,-132.9545,-160.7516
"2012-03-30",-74.794,-78.23,-66.834,-47.306,-30.747,-17.16,-40.657,-61.938,-63.599,-55.171,-39.608,-42.472,-11.203,0.369,5.66,,,,,,14.8932,11.2553,8.6573,-17.662,-72.3021,4.597,-9.007,-28.843,-36.77,-56.346,39.47,46.284,51.551,29.009,7.288,-81.88,-78.385,-56.873,-55.611,-47.157,-91.556,-117.1814,-120.9342,-127.0615,-152.2896
"2012-04-30",-77.555,-78.965,-69.313,-58.648,-39.124,-23.572,-42.855,-61.481,-62.999,-52.812,-52.796,-49.159,-8.51,-2.459,4.991,,,,,,19.2312,10.722,7.278,-18.784,-70.135,1.187,-17.481,-27.416,-39.642,-56.571,46.283,47.253,62.388,33.406,30.287,-105.924,-77.806,-54.786,-56.815,-43.603,-93.167,-128.1804,-149.3432,-155.2845,-162.3326
"2012-05-31",-85.378,-92.324,-85.355,-58.871,-38.8,-25.424,-48.941,-73.86,-64.2615,-43.959,-57.193,-51.272,-23.147,-18.323,-7.063,,,,,,20.61,21.722,22.532,-4.022,-41.423,17.991,-13.453,-37.743,-50.931,-73.492,65.195,52.318,60.362,40.573,-17.595,-101.658,-91.836,-68.149,-63.2,-38.651,-97.688,-133.4514,-142.8022,-139.3555,-129.9586
"2012-06-29",-72.333,-72.479,-66.359,-50.388,-27.905,-27.3745,-48.973,-74.873,-63.964,-39.419,-37.216,-28.588,-9.393,-15.551,-17.577,,,,,,4.9349,4.205,4.572,-25.543,-64.602,-24.299,-23.952,-28.434,-52.063,-70.466,43.674,32.243,35.549,19.004,7.266,-104.7,-90.916,-79.401,-73.44,-37.481,-106.992,-131.9264,-141.4762,-153.5455,-146.2476
"2012-07-31",-56.293,-68.365,-65.24,-54.868,-41.131,-31.383,-46.607,-69.962,-66.117,-38.964,-44.234,-36.372,-17.472,-29.605,-24.343,,,,,,-0.802,-2.4761,-0.877,-27.1168,-63.057,8.496,1.863,-22.685,-38.608,-52.528,39.164,33.497,40.382,32.101,23.71,-114.665,-87.431,-81.176,-84.992,-47.455,-86.518,-109.4324,-132.6332,-141.5545,-131.6146
"2012-08-31",-37.4,-55.861,-57.637,-45.175,-37.974,-28.765,-48.902,-70.766,-68.12,-38.741,-37.035,-39.593,-22.547,-25.489,-24.577,,,,,,0.011,-4.518,-5.624,-18.167,-51.915,13.56,1.526,-23.804,-33.768,-51.663,44.231,33.278,37.705,31.723,21.809,-87.621,-78.863,-70.338,-64.466,-31.131,-67.573,-78.95,-115.0692,-129.0485,-132.7276
"2012-09-28",-30.861,-42.03,-44.843,-40.311,-39.186,-34.804,-48.523,-61.149,-58.267,-37.611,-20.427,-28.304,-10.193,-18.413,-19.702,,,,,,-8.59,-10.666,-9.4,-23.892,-56.844,4.055,-11.206,-13.769,-37.358,-44.647,34.579,24.474,31.83,29.869,26.196,-71.657,-68.392,-57.228,-51.802,-23.261,-40.424,-65.937,-102.7002,-119.8065,-116.3816
"2012-10-31",-32.788,-42.575,-45.816,-35.287,-34.661,-32.023,-46.643,-69.221,-66.866,-38.12,-18.55,-24.407,-8.062,-13.283,-19.746,,,,,,-12.399,-13.2972,-11.462,-26.274,-56.214,3.525,-5.687,-12.08,-31.447,-49.604,23.09,18.446,27.787,26.36,28.664,-71.981,-57.813,-48.587,-45.287,-20.917,-42.799,-64.695,-99.1782,-132.0105,-134.0356
"2012-11-30",-31.803,-44.049,-47.74,-34.033,-32.856,-29.825,-42.732,-61.553,-63.017,-35.913,-17.794,-23.411,-4.362,-10.99,-17.39,,,,,,-16.397,-15.6363,-12.0462,-22.8162,-50.5358,5.079,-6.479,-13.322,-26.403,-42.252,27.835,24.207,35.199,33.721,34.747,-68.047,-57.157,-51.175,-49.021,-33.644,-45.277,-61.903,-88.5902,-112.7385,-112.7416
"2012-12-31",-25.219,-39.554,-44.189,-26.707,-32.297,-16.374,-29.349,-56.955,-67.031,-39.227,-12.092,-20.232,6.539,-2.252,-11.532,,,,,,-15.646,-15.961,-8.414,-20.831,-48.859,8.588,9.723,4.086,-14.729,-20.194,-15.223,16.352,31.544,22.391,9.688,-44.916,-42.08,-43.018,-38.76,-21.476,-40.182,-55.867,-83.1252,-106.3245,-104.7196
"2013-01-31",-21.404,-30.832,-34.903,-24.425,-27.095,-18.751,-27.261,-53.061,-60.089,-37.885,-5.953,-9.173,10.682,6.002,-0.619,,,,,,-17.63,-15.262,-9.1828,-22.505,-50.875,15.224,11.368,1.297,-15.164,-9.156,-19.686,3.634,14.946,18.973,7.314,-37.397,-34.36,-32.48,-32.206,-20.548,-27.137,-43.261,-61.5512,-83.1175,-83.4126
"2013-02-28",-28.133,-36.171,-40.352,-26.856,-25.085,-25.987,-37.389,-53.459,-53.461,-33.861,-12.266,-15.241,3.755,6.589,2.968,,,,,,-22.249,-20.567,-9.95,-21.063,-46.987,14.252,9.942,2.52,-16.274,-8.097,-23.392,-0.459,16.368,16.016,-2.15,-45.663,-36.811,-27.211,-30.999,-19.815,-37.75,-57.364,-70.1642,-85.4185,-85.3896
"2013-03-29",-33.968,-51.371,-54.601,-34.647,-28.799,-18.284,-32.058,-55.028,-60.399,-42.862,-14.83,-21.36,-8.792,-0.632,-4.436,,,,,,-16.584,-21.619,-17.558,-28.841,-44.417,11.075,2.963,1.83,-14.984,1.901,-17.69,2.121,6.655,3.855,-9.489,-39.773,-41.555,-41.311,-46.833,-31.817,-28.091,-66.934,-82.1762,-95.7105,-99.5156
"2013-04-30",-24.75,-36.856,-35.035,-20.284,-17.435,-15.199,-32.864,-61.686,-72.813,-44.236,-11.279,-15.222,-5.901,2.156,-2.203,,,,,,-20.626,-30.315,-25.276,-34.462,-42.996,10.372,3.024,-4.418,-21.493,-4.724,-23.164,-1.353,-9.786,-17.387,-21.834,-32.842,-40.804,-34.611,-38.869,-25.455,-37.802,-62.239,-72.4732,-83.8755,-88.2366
"2013-05-31",-19.828,-33.371,-35.175,-15.251,-15.133,-10.4035,-28.02,-60.073,-77.57,-59.437,-0.568,-6.917,1.425,15.536,9.039,,,,,,-15.728,-24.681,-19.18,-32.6,-49.342,12.585,9.731,0.002,-4.599,-1.086,-13.552,1.878,1.507,8.547,-0.733,-33.834,-37.408,-31.612,-30.94,-11.258,-43.585,-70.16,-71.4422,-80.5365,-77.5686
"2013-06-28",-20.605,-36.651,-39.206,-18.045,-12.268,-14.977,-36.698,-72.965,-76.414,-44.365,-7.031,-9.402,4.52,19.291,16.358,,,,,,-8.504,-25.522,-23.545,-32.61,-54.629,18.936,9.612,2.054,2.168,11.244,5.684,13.766,11.105,26.047,20.113,-29.973,-39.166,-44.056,-38.752,-15.646,-25.139,-46.844,-58.1652,-59.7525,-61.4146
"2013-07-31",-18.644,-31.672,-44.61,-27.87,-15.632,-12.089,-35.174,-66.602,-78.961,-44.762,-2.901,-7.663,4.382,17.865,17.632,,,,,,-6.735,-24.604,-23.055,-38.227,-54.715,14.278,14.027,13.675,14.395,25.918,-1.469,7.825,2.201,14.869,14.974,-26.384,-38.066,-39.983,-37.869,-31.538,-24.233,-36.397,-46.7712,-55.3125,-53.9196
"2013-08-30",-16.18,-31.184,-41.887,-25.733,-14.436,-9.216,-33.443,-66.439,-78.449,-42.84,-2.941,-22.317,4.223,24.749,21.959,,,,,,-10.16,-20.22,-23.79,-33.513,-55.396,17.855,12.114,9.06,4.706,11.955,41.033,22.369,14.194,24.099,5.688,-24.499,-36.499,-37.79,-32.117,-7.105,-18.213,-27.704,-31.2982,-41.7635,-42.3976
"2013-09-30",-12.425,-27.923,-37.406,-25.398,-14.37,-11.807,-32.745,-63.664,-83.073,-55.356,1.801,-18.196,3.6,17.338,7.637,,,,,,-4.971,-14.5581,-22.428,-39.5761,-61.525,22.94,11.566,8.412,0.991,8.286,44.417,29.027,22.892,27.081,8.452,-20.24,-35.917,-35.37,-29.57,-8.003,-8.367,-22.249,-37.2792,-55.8755,-55.3936
"2013-10-31",-9.537,-21.931,-29.086,-17.314,-4.76,-11.701,-30.58,-59.213,-77.095,-47.437,0.975,-12.053,8.512,21.953,15.716,,,,,,-16.878,-20.242,-17.76,-34.616,-58.322,18.56,3.581,7.378,-4.893,-2.819,35.42,26.859,19.633,17.689,-1.07,-18.292,-33.478,-33.144,-32.426,-7.609,-8.461,-12.912,-24.7282,-41.2615,-36.4306
"2013-11-29",-9.412,-21.051,-30.016,-23.288,-10.607,-13.658,-29.288,-60.793,-85.348,-55.192,-0.476,-10.272,8.549,21.309,17.962,,,,,,-21.948,-22.883,-15.622,-35.166,-60.806,17.981,9.526,8.729,-4.022,10.324,17.481,14.971,12.247,19.033,9.985,-23.391,-34.239,-35.961,-39.161,-43.156,-20.384,-15.853,-21.0202,-39.4855,-37.3896
"2013-12-31",-2.324,-17.977,-21.704,-14.919,0.153,-8.108,-25.961,-65.341,-91.304,-53.919,0.616,-13.462,4.221,22.342,19.024,,,,,,-18.229,-21.179,-24.904,-41.163,-64.096,13.825,8.492,1.313,-7.805,10.753,7.67,5.566,-23.594,-10.753,-15.467,-11.586,-24.795,-38.173,-35.969,-2.332,-26.237,-15.528,-27.0142,-39.0755,-31.6066
"2014-01-31",-8.606,-15.619,-20.872,-12.354,2.153,-12.217,-26.278,-54.764,-78.63,-50.261,1.411,-10.711,5.326,18.3,27.138,,,,,,-21.75,-24.833,-21.024,-33.539,-57.227,1.597,3.051,6.64,-3.964,5.424,8.557,5.017,-15.125,-4.637,-12.862,-20.111,-27.93,-36.28,-30.913,-3.119,-23.524,-15.282,-22.2732,-25.2415,-9.4456
"2014-02-28",-8.096,-14.001,-18.497,-10.091,5.013,-14.21,-22.731,-52.192,-74.02,-50.953,-2.506,-11.021,4.113,17.048,20.883,,,,,,-28.399,-23.489,-24.144,-31.387,-54.693,4.065,8.111,6.314,-4.038,2.95,-0.943,7.497,-13.374,4.097,8.301,-24.061,-25.424,-32.066,-26.672,4.717,-28.113,-12.583,-20.2172,-23.9485,-22.9476
"2014-03-31",-7.272,-10.848,-17.456,-5.183,8.945,-12.212,-19.393,-51.208,-69.595,-48.251,-0.002,-4.305,4.101,21.287,28.197,,,,,,-32.8,-24.302,-26.744,-31.596,-48.719,11.726,12.646,12.195,0.994,13.183,-2.97,5.707,-13.699,0.067,-4.771,-24.251,-27.008,-30.492,-23.49,3.629,-37.128,-19.716,-29.0972,-14.5175,14.6654
"2014-04-30",0.1,-7.453,-14.7553,-4.324,11.427,-12.203,-21.915,-50.538,-68.861,-46.892,2.559,-5.005,7.828,25.799,31.868,,,,,,-25.583,-27.697,-28.097,-34.582,-47.292,16.803,13.653,18.28,7.677,16.115,11.929,11.194,-9.431,-9.478,-26.686,-20.477,-25.643,-26.448,-22.843,2.042,-32.914,-17.831,-28.4702,-21.6615,18.2344
"2014-05-30",-5.284,-9.721,-14.601,-0.454,15.235,-12.402,-21.349,-50.963,-64.627,-46.952,3.365,-3.896,5.976,26.513,31.227,,,,,,-23.692,-25.656,-26.258,-28.011,-43.477,17.126,12.11,14.841,0.51,4.844,4.49,2.982,-15.135,-10.086,-29.96,-25.291,-27.621,-24.849,-17.513,0.85,-30.044,-21.601,-31.5492,-18.4045,16.4834
"2014-06-30",-7.928,-12.214,-16.768,-4.385,13.128,-12.402,-22.679,-46.273,-66.936,-51.463,9.126,-3.603,2.983,18.8,22.548,,,,,,-21.608,-28.353,-32.353,-32.1505,-46.476,14.427,7.832,10.379,-2.057,-1.186,4.661,-6.033,-23.895,-8.454,-20.06,-25.771,-30.305,-25.225,-19.415,-2.785,-32.661,-23.786,-31.7692,-21.1845,18.0174
"2014-07-31",-6.78,-8.071,-12.648,-0.78,14.052,-12.493,-17.149,-37.688,-54.872,-41.055,11.335,2.676,4.816,20.658,22.817,,,,,,-17.227,-20.525,-26.302,-29.166,-45.097,24.901,21.719,16.85,2.65,3.933,10.68,6.441,-15.024,-3.943,-4.218,-23.523,-21.045,-19.51,-15.719,-1.298,-28.667,-17.699,-22.4652,-15.9015,37.8474
"2014-08-29",-8.864,-9.813,-12.36,4.517,15.13,-12.034,-17.214,-43.096,-55.394,-46.436,-1.909,-5.827,6.252,22.35,22.497,,,,,,-18.626,-17.914,-23.526,-25.427,-43.646,30.23,28.965,18.943,8.583,6.157,19.628,11.49,-3.471,3.734,6.588,-21.402,-21.765,-18.149,-10.818,-4.092,-32.782,-22.007,-23.8312,-15.8545,8.8364
"2014-09-30",-5.939,-6.448,-15.301,-4.905,6.74,-13.9,-16.995,-42.029,-59.3195,-53.809,0.278,-4.522,7.037,15.814,18.78,,,,,,-17.489,-11.312,-17.886,-23.9245,-41.046,29.579,29.372,23.968,12.037,6.616,23.14,16.806,2.822,8.914,10.167,-21.638,-21.432,-20.758,-15.431,-5.986,-32.113,-13.236,-16.7922,-15.5305,15.9404
"2014-10-31",-7.797,-8.708,-18.992,-9.641,-2.089,-24.983,-28.602,-49.501,-59.316,-45.599,-4.62,-5.931,6.704,19.158,27.332,,,,,,-18.701,-19.946,-17.264,-20.49,-33.933,17.576,19.559,18.011,4.132,-7.932,23.064,18.081,2.294,11.628,13.646,-17.645,-19.928,-22.151,-20.723,-12.383,-24.212,-14.73,-17.2682,-15.4115,8.9094
"2014-11-28",-12.263,-7.955,-19.339,-8.262,-0.543,-28.044,-32.182,-61.85,-69.998,-59.786,-4.452,-4.059,6.964,20.911,28.884,,,,,,-25.445,-23.385,-22.549,-20.614,-34.805,18.81,21.745,11.83,8.111,-3.692,16.537,11.655,3.799,15.806,15.561,-18.608,-18.232,-23.137,-19.504,-13.536,-28.164,-11.595,-13.0442,-15.5685,-2.4336
"2014-12-31",-14.993,-10.963,-25.471,-13.302,-6.173,-26.74,-30.932,-70.106,-79.882,-63.295,-12.067,-7.873,-1.884,13.896,26.304,,,,,,-30.156,-29.85,-31.5,-27.763,-41.009,14.174,20.585,12.623,5.514,-5.187,13.321,15.207,-2.373,6.756,-2.271,-14.202,-14.573,-28.818,-19.979,-8.614,-27.239,-23.187,-25.5612,-23.2875,-8.9316
"2015-01-30",-24.204,-28.236,-38.419,-43.265,-46.505,-26.918,-32.586,-65.292,-76.74,-52.68,-12.828,-12.918,-5.605,3.165,16.557,-14.813,-18.116,-12.371,-32.708,-60.95,-28.315,-27.2,-20.693,-22.121,-32.788,9.414,19.421,10.324,5.691,-2.969,-3.679,-0.495,-4.398,1.131,-14.617,-8.435,-13.85,-25.885,-22.557,-24.505,-31.511,-27.541,-25.4222,-27.4845,-26.8766
"2015-02-27",-27.294,-29.483,-45.44,-47.99,-46.045,-26.791,-32.178,-65.111,-73.71,-52.256,-7.171,-7.13,-6.378,5.942,15.837,-21.68,-25.997,-27.99,-42.866,-66.487,-21.19,-22.407,-21.84,-25.779,-37.532,14.51,14.219,7.104,4.598,-3.986,1.583,3.006,-8.514,3.679,-9.177,-18.408,-22.655,-40.226,-32.827,-33.74,-33.481,-25.896,-36.4352,-29.1155,-19.8626
"2015-03-31",-34.413,-31.095,-43.47,-54.082,-54.538,-34.1745,-36.693,-64.532,-78.537,-59.585,-8.492,-9.681,-0.936,-0.531,15.133,-23.312,-15.925,-27.363,-53.84,-72.172,-27.35,-21.32,-25.543,-30.2425,-43.025,17.102,23.072,4.825,-0.559,-4.885,-2.807,2.003,-11.748,-7.744,-18.535,-21.698,-19.847,-38.925,-49.642,-51.166,-45.868,-30.297,-29.3742,-40.8365,-57.2066
"2015-04-30",-29.3425,-29.021,-41.288,-49.4925,-56.3305,-31.696,-40.381,-70.417,-85.444,-69.416,0.869,-3.892,2.825,4.036,8.202,-32.54,-27.47,-28.712,-49.757,-71.86,-19.271,-20.867,-25.069,-30.1865,-46.906,27.455,30.485,6.545,6.774,-4.154,5.665,9.045,-16.12,-14.318,-23.879,-17.041,-15.937,-36.389,-55.621,-52.534,-46.569,-45.422,-52.8682,-58.2565,-88.3776
"2015-05-29",-28.561,-30.338,-42.177,-47.895,-55.46,-33.319,-42.073,-72.076,-83.268,-75.974,6.678,2.023,6.719,11.133,12.15,-22.283,-24.931,-36.905,-61.44,-84.094,-15.629,-23.088,-26.272,-27.467,-50.594,25.626,26.785,10.426,10.007,-6.467,15.221,12.797,-6.036,4.612,-10.617,-13.533,-10.053,-27.918,-46.763,-41.252,-46.535,-54.416,-56.0622,-58.5885,-82.3276
"2015-06-30",-31.305,-30.906,-47.493,-44.425,-40.4935,-31.647,-40.808,-74.291,-80.658,-71.574,4.45,0.404,2.845,13.124,15.997,-22.292,-20.343,-41.011,-58.718,-75.251,-17.221,-22.588,-29.448,-31.9102,-54.671,24.995,30.089,6.923,3.231,-10.666,18.289,19.038,0.554,4.494,0.342,-15.842,-15.271,-33.059,-42.961,-33.011,-39.614,-35.099,-45.0802,-49.9645,-67.5216
"2015-07-31",-25.33,-26.711,-44.668,-49.63,-54.344,-33.148,-41.49,-74.144,-83.042,-71.36,-0.043,0.291,-0.431,3.472,10.419,-10.301,-14.343,-41.22,-68.506,-73.319,-15.965,-17.437,-28.364,-45.742,-54.358,26.535,25.843,4.583,4.633,-7.613,7.817,9.752,-9.037,-4.62,-8.621,-25.633,-19.061,-36.369,-48.651,-28.214,-36.124,-36.354,-38.6252,-51.9515,-63.2256
"2015-08-31",-32.951,-33.439,-44.589,-49.558,-59.133,-40.347,-49.277,-78.327,-85.002,-75.678,-9.867,-10.235,3.288,5.667,4.257,-15.706,-17.214,-50.678,-76.412,-89.056,-23.944,-21.982,-27.187,-33.704,-51.25,18.225,14.842,0.485,-6.0045,-23.533,9.805,5.976,-7.857,-5.137,-24.364,-34.78,-34.785,-41.399,-50.427,-30.08,-43.172,-37.094,-38.0492,-43.6465,-61.5896
"2015-09-30",-36.1995,-40.938,-57.639,-66.885,-76.637,-44.148,-57.176,-90.674,-99.092,-82.849,-3.867,-15.934,-7.363,-5.232,2.742,-16.774,-27.095,-60.657,-85.664,-101.117,-24.497,-25.578,-31.493,-39.667,-47.701,18.819,16.473,4.028,-7.296,-23.861,10.626,5.486,-8.01,-4.847,-19.847,-32.337,-36.597,-50.425,-58.257,-39.179,-43.706,-36.172,-36.5452,-51.1165,-81.3236
"2015-10-30",-32.985,-43.17,-65.034,-76.542,-87.993,-44.766,-64.529,-98.946,-105.385,-87.205,2.691,-15.785,-10.529,-7.036,1.879,-13.466,-29.547,-65.136,-93.399,-108.8,-29.162,-32.66,-35.904,-40.867,-46.769,16.78,9.8,3.261,-12.091,-27.617,11.678,2.612,-9.355,-9.826,-13.189,-23.025,-33.841,-54.875,-71.16,-49.397,-29.456,-25.822,-28.8222,-43.5405,-69.4056
"2015-11-30",-40.529,-54.137,-73.3,-79.619,-87.269,-58.507,-77.311,-111.142,-116.232,-95.854,-5.836,-17.579,-15.583,-10.106,0.096,-49.236,-57.588,-83.849,-99.194,-119.093,-36.72,-38.315,-40.64,-40.9535,-54.625,12.801,11.286,-0.368,-4.142,-27.737,13.684,5.707,1.97,11.311,12.832,-18.448,-32.477,-52.635,-65.552,-52.107,-40.309,-33.977,-36.5142,-47.8345,-72.1196
"2015-12-31",-25.466,-35.315,-58.567,-64.21,-70.732,-51.178,-63.71,-99.844,-106.874,-86.53,-5.821,-13.13,-11.98,-4.693,3.125,-27.104,-35.573,-58.752,-77.429,-104.072,-29.498,-36.539,-44.765,-46.1565,-59.835,16.312,12.258,-2.47,-18.442,-50.608,16.169,9.251,-7.946,0.844,4.339,-14.291,-23.67,-46.179,-55.288,-37.938,-24.454,-14.728,-27.6302,-42.6965,-67.4986
"2016-01-29",-30.045,-46.918,-66.9975,-80.119,-89.847,-46.703,-70.283,-106.416,-124.808,-111.269,-11.612,-25.471,-15.468,-10.703,-2.784,-18.273,-41.687,-65.192,-89.707,-117.587,-25.903,-35.579,-36.536,-40.5935,-53.936,14.526,9.113,1,-11.648,-47.961,10.73,0.494,-4.648,-11.289,-18.037,-20.116,-30.317,-49.716,-65.764,-55.224,-23.961,-23.999,-28.7032,-41.3425,-66.0466
"2016-02-29",-44.058,-59.01,-83.659,-96.397,-106.066,-60.168,-77.597,-117.024,-129.358,-122.796,-26.742,-33.65,-20.802,-9.525,5.421,-38.262,-50.848,-77.648,-97.129,-126.089,-38.343,-35.563,-33.588,-21.057,-32.964,6.924,-1.678,-2.939,-15.347,-44.085,3.781,5.474,-3.079,0.745,-19.783,-24.229,-25.785,-46.809,-63.57,-58.283,-41.255,-32.249,-40.0622,-38.8345,-45.1936
"2016-03-31",-38.209,-45.896,-71.82,-88.034,-99.506,-55.154,-65.454,-108.812,-126.3025,-118.342,-19.389,-24.843,-15.159,-8.794,4.542,-26.516,-32.516,-68.042,-89.519,-118.57,-38.943,-38.764,-39.763,-29.1895,-40.374,4.757,8.831,5.321,-10.943,-36.349,7.091,6.974,-1.238,8.909,-17.674,-27.235,-27.689,-44.154,-56.761,-51.69,-41.375,-30.906,-31.1482,-35.3005,-36.2546
"2016-04-29",-33.6675,-42.655,-69.395,-84.4415,-96.6235,-53.649,-63.785,-100.904,-120.298,-115.563,-3.123,-17.619,-10.285,0.5,5.497,-12.022,-27.242,-57.382,-80.378,-108.804,-40.629,-40.833,-38.279,-31.646,-50.292,13.989,7.62,2.548,-10.5597,-37.47,16.66,15.791,-3.355,0.087,-23.133,-17.773,-23.804,-43.939,-54.662,-40.293,-30.34,-27.121,-29.9332,-32.7405,-45.5356
"2016-05-31",-41.207,-42.266,-66.838,-82.052,-102.06,-60.255,-66.708,-109.204,-130.198,-128.494,-12.932,-22.42,-14.156,-9.415,-4.155,-18.866,-29.613,-58.131,-81.728,-111.082,-37.185,-37.952,-43.283,-35.221,-45.862,10.158,10.104,0.397,-5.644,-26.23,9.443,11.858,-12.872,-17.767,-29.568,-20.93,-22.014,-47.28,-56.838,-45.682,-29.689,-26.527,-36.1412,-42.9315,-72.6956
"2016-06-30",-50.517,-57.231,-76.155,-97.049,-124.462,-66.797,-73.874,-105.05,-119.292,-109.484,-13.283,-24.516,-17.63,-12.306,-6.761,-41.609,-46.821,-66.296,-82.235,-109.793,-36.131,-37.416,-39.32,-27.109,-30.177,6.922,10.071,1.337,-8.696,-24.463,13.416,11.69,-5.509,-12.493,-22.266,-21.165,-29.403,-53.183,-64.843,-55.806,-38.625,-30.399,-35.3742,-44.6805,-68.7376
"2016-07-29",-44.033,-51.095,-69.045,-88.195,-120.095,-57.425,-67.286,-97.764,-117.031,-108.473,-13.089,-20.688,-24.04,-19.69,-10.586,-26.692,-39.086,-61.984,-87.476,-111.05,-23.325,-31.376,-33.969,-26.512,-26.6,23.771,18.698,2.008,-2.826,-11.879,20.804,18.977,5.558,-1.414,-9.203,-20.141,-27.981,-49.787,-71.684,-65.857,-36.222,-28.285,-40.2612,-47.0045,-65.5676
"2016-08-31",-37.65,-46.684,-69.697,-87.51,-119.714,-55.7805,-63.3485,-89.871,-105.438,-110.974,-1.172,-7.862,-26.679,-21.899,-26.436,-31.301,-37.92,-60.695,-86.412,-114.544,-17.949,-25.734,-33.229,-24.851,-23.276,30.996,21.663,12.975,-2.957,-18.57,24.672,24.971,7.462,12.255,9.405,-16.399,-22.618,-45.884,-64.452,-59.524,-40.749,-34.72,-38.1572,-40.2335,-59.0786
"2016-09-30",-47.431,-52.712,-71.991,-91.101,-120.247,-66.338,-68.744,-89.9855,-105.713,-109.759,-1.835,-8.732,-24.479,-16.53,-13.32,-37.204,-39.789,-57.875,-88.897,-113.667,-21.461,-27.516,-36.614,-29.578,-24.765,33.311,22.804,16.682,-4.914,-18.416,29.27,33.522,20.543,13.724,6.199,-24.679,-30.365,-47.759,-59.971,-56.802,-52.78,-32.668,-33.8442,-43.5225,-69.0816
"2016-10-31",-49.722,-50.31,-67.274,-83.442,-108.276,-62.715,-67.678,-90.403,-102.886,-109.632,-8.499,-13.076,-17.77,-4.57,-7.364,-40.317,-39.529,-57.278,-90.038,-116.295,-22.676,-29.43,-36.83,-30.105,-29.825,30.087,24.452,13.825,3.226,-7.502,27.824,27.765,18.441,16.826,9.812,-25.171,-32.255,-51.042,-68.218,-60.143,-35.659,-28.75,-33.3632,-42.8045,-59.9646
"2016-11-30",-72.1335,-73.071,-85.529,-88.084,-106.669,-76.244,-79.157,-103.4,-110.647,-119.834,-27.443,-35.277,-33.322,-4.713,-7.426,-46.294,-44.402,-64.385,-86.999,-116.632,-29.784,-32.524,-41.079,-32.1019,-37.624,26.253,21.338,6.021,-3.394,-8.992,24.949,23.589,6.758,5.558,-2.155,-32.802,-40.111,-58.311,-67.957,-54.843,-49.627,-43.4,-45.1382,-49.2905,-73.2376
"2016-12-30",-71.155,-72.812,-84.702,-85.007,-104.263,-77.546,-76.219,-98.892,-111.478,-114.009,-24.998,-30.655,-25.752,-1.496,-2.138,-46.147,-45.739,-60.976,-86.527,-113.558,-28.918,-29.728,-33.784,-25.275,-31.4439,29.62,25.815,9.66,-4.026,3.477,23.683,22.545,10.441,15.026,20.137,-30.637,-34.383,-55.556,-65.393,-50.009,-56.86,-37.698,-40.0272,-47.4865,-69.7876
"2017-01-31",-37.5235,-58.681,-75.72,-81.586,-95.4495,-58.739,-72.28,-99.644,-113.704,-109.972,-9.84,-24.276,-24.851,-2.435,-2.645,-17.883,-33.719,-58.039,-85.534,-111.513,-20.74,-25.376,-30.008,-23.461,-23.272,46.952,30.756,11.895,-2.844,14.331,43.14,31.399,13.537,10.811,17.663,-9.718,-29.976,-47.004,-62.643,-44.316,-38.536,-43.303,-34.055,-38.611,-47.3086
"2017-02-28",-53.374,-68.065,-82.027,-74.735,-89.174,-41.952,-65.166,-91.941,-101.634,-101.073,2.124,-14.903,-14.798,-0.508,4.412,-17.452,-27.694,-51.954,-72.156,-103.852,-8.515,-14.886,-28.111,-12.869,-14.713,44.199,36.494,16.334,3.382,6.109,52.219,35.919,18.312,22.864,24.874,-1.606,-25.578,-44.159,-51.02,-37.199,-33.819,-43.144,-38.747,-28.453,-36.8826
"2017-03-31",-38.1805,-45.872,-66.344,-66.684,-82.818,-40.464,-44.831,-79.58,-90.613,-86.898,1.837,-9.485,-18.312,-4.251,1.009,-9.365,-12.568,-36.091,-58.777,-89.318,-17.411,-13.465,-26.822,-12.833,-18.044,28.752,34.671,23.424,6.45,-0.474,40.027,36.561,18.18,17.762,13.066,-4.197,-12.602,-37.396,-47.095,-42.379,-45.707,-29.141,-29.853,-29.136,-23.6016
"2017-04-28",-45.587,-52.319,-69.672,-74.69,-95.879,-39.394,-50.918,-84.1965,-101.069,-101.233,-11.351,-18.239,-19.447,-8.072,-1.839,-13.856,-19.845,-38.117,-65.094,-98.109,-22.227,-22.579,-29.081,-24.0419,-29.123,28.674,29.143,18.775,3.035,-3.852,35.844,29.7,14.011,3.416,-17.062,-11.18,-19.616,-36.211,-48.886,-48.221,-43.967,-33.537,-29.776,-35.75,-47.6656
"2017-05-31",-60.531,-58.183,-73.499,-75.905,-91.379,-49.598,-54.083,-85.534,-101.694,-104.6235,-13.898,-18.106,-21.647,-10.789,-6.075,-35.575,-32.608,-47.357,-70.099,-105.663,-34.341,-32.692,-38.688,-37.703,-48.567,15.514,17.194,13.553,-2.042,-10.542,16.329,12.969,2.549,-4.754,-18.106,-31.854,-32.555,-42.541,-53.684,-56.031,-53.14,-41.007,-32.922,-39.361,-57.4826
"2017-06-30",-43.871,-43.273,-61.987,-66.655,-77.09,-33.829,-40.211,-68.6115,-84.086,-85.254,-3.374,-13.636,-23.084,-8.503,0.416,-28.404,-28.561,-42.146,-60.75,-85.761,-30.423,-26.184,-36.43,-35.452,-55.55,22.91,21.26,15.308,-4.284,-6.068,21.255,17.632,3.85,0.056,0.187,-26.141,-29.752,-46.454,-53.164,-46.677,-54.46,-35.738,-35.889,-38.002,-46.1346
"2017-07-31",-42.983,-47.628,-63.155,-72.8235,-86.965,-35.048,-42.182,-73.468,-92.216,-94.926,1.253,-10.462,-23.833,-10.023,-5.755,-14.072,-22.859,-40.287,-65.399,-95.66,-35.387,-28.649,-30.755,-32.16,-49.123,22.916,26.646,16.281,-0.015,0.913,22.716,17.866,7.482,6.336,6.14,-27.218,-26.737,-42.219,-53.239,-55.052,-37.223,-29.76,-37.607,-43.214,-53.9706
"2017-08-31",-54.2365,-59.048,-71.744,-76.63,-94.388,-47.169,-55.11,-78.5275,-87.421,-92.739,-15.598,-20.102,-28.61,-13.805,-9.322,-20.345,-30.511,-46.554,-70.593,-98.925,-34.634,-33.999,-36.616,-34.359,-49.924,17.026,27.4,18.834,11.978,15.804,17.217,13.8,9.958,14.982,19.058,-33.517,-33.162,-47.488,-55.671,-53.488,-46.009,-34.535,-35.563,-38.113,-43.0466
"2017-09-29",-48.996,-52.035,-70.5255,-75.466,-88.275,-36.659,-42.445,-73.656,-87.103,-91.386,-3.201,-12.158,-22.735,-5.946,-4.925,-15.513,-25.189,-44.676,-67.855,-97.911,-30.077,-28.985,-38.892,-32.427,-51.359,28.884,31.131,23.57,5.376,6.933,25.043,21.47,7.721,12.598,9.33,-31.461,-29.169,-48.141,-53.453,-49.3,-47.352,-30.305,-39.837,-40.479,-43.6276
"2017-10-31",-58.8546,-59.471,-71.143,-75.254,-85.158,-46.26,-52.908,-76.483,-87.994,-89.848,-13.029,-19.9275,-21.1745,-1.793,5.891,-26.262,-31.743,-43.534,-65.566,-88.966,-39.457,-38.756,-42.276,-37.521,-56.427,27.525,25.722,24.713,4.894,7.185,15.876,16.514,9.814,18.058,18.164,-41.303,-34.386,-48.024,-53.334,-44.094,-48.995,-29.878,-31.497,-34.299,-42.4686
"2017-11-30",-60.4017,-58.948,-71.077,-70.888,-78.526,-48.552,-51.329,-74.8805,-82.993,-82.346,-16.174,-22.495,-25.042,0.066,9.952,-37.391,-40.609,-47.892,-67.093,-84.186,-42.341,-38.037,-41.064,-32.131,-50.428,12.557,15.648,19.458,5.388,13.466,8.519,6.25,-0.214,5.338,19.528,-52.203,-43.956,-53.298,-48.187,-39.617,-54.006,-33.294,-34.074,-31.069,-33.6086
"2017-12-29",-50.4745,-52.837,-70.109,-68.992,-69.369,-42.502,-46.9095,-69.912,-79.651,-76.5085,-19.2345,-18.444,-21.621,-1.025,16.049,-32.873,-35.565,-51.987,-68.141,-81.312,-41.732,-39.648,-45.85,-38.554,-56.768,23.967,31.265,22.514,10.806,26.799,10.091,3.439,-14.514,4.438,11.906,-50.781,-39.397,-56.407,-51.348,-38.283,-58.553,-37.858,-42.489,-34.445,-40.9776
"2018-01-31",-39.861,-43.538,-56.886,-58.09,-56.735,-39.354,-48.05,-66.908,-73.297,-67.679,-3.93,-9.483,-15.342,7.724,17.675,-32.206,-43.793,-52.478,-58.179,-75.99,-45.709,-40.653,-41.552,-34.079,-50.502,21.946,28.339,24.847,14.092,29.081,24.526,15.344,5.474,20.461,30.012,-43.521,-35,-52.235,-50.178,-25.454,-46.95,-28.779,-36.794,-27.611,-22.4486
"2018-02-28",-45.059,-40.155,-55.782,-60.9775,-58.835,-39.581,-42.768,-66.039,-74.89,-69.866,-10.1715,-8.229,-13.308,8.13,18.113,-32.275,-41.066,-53.066,-61.707,-81.653,-31.328,-29.216,-38.799,-35.564,-48.425,41.822,44.631,35.684,17.217,31.847,30.415,26.933,16.555,30.475,35.543,-11.383,-23.22,-50.375,-54.184,-31.224,-53.676,-26.206,-35.857,-30.886,-31.7666
"2018-03-30",-30.19,-33.793,-51.684,-57.429,-57.522,-16.635,-25.061,-53.2115,-65.498,-63.176,-1.466,-4.542,-8.045,8.952,21.647,-13.009,-29.283,-46.782,-52.242,-76.529,-19.387,-22.441,-35.271,-33.721,-48.193,48.332,46.353,37.393,14.962,33.881,33.781,25.137,15.84,25.895,43.079,-9.676,-18.344,-44.439,-49.016,-30.265,-42.714,-18.69,-30.374,-27.311,-35.6786
"2018-04-30",-25.344,-32.635,-48.4,-54.013,-48.676,-20.292,-32.336,-56.973,-68.078,-62.242,1.776,-6.141,-7.123,11.605,26.083,-3.029,-18.37,-43.157,-54.033,-72.881,-24.835,-27.663,-35.373,-33.326,-42.252,45.375,37.582,36.049,20.303,36.038,29.086,16.022,10.569,21.956,31.969,-11.177,-27.829,-48.742,-51.929,-28.802,-29.594,-19.697,-29.478,-27.008,-24.4376
"2018-05-31",-34.733,-43.9185,-56.552,-60.2125,-57.396,-21.208,-31.472,-56.342,-66.873,-60.285,1.065,-4.904,-6.201,7.043,26.037,-4.282,-15.74,-39.526,-55.514,-65.364,-24.209,-25.376,-33.191,-33.423,-46.565,35.452,36.739,34.546,12.964,31.495,25.585,20.964,14.983,25.291,34.173,-14.868,-29.411,-50.808,-63.399,-43.264,-15.766,-10.349,-28.148,-31.206,-25.7956
"2018-06-29",-20.9855,-30.177,-45.905,-54.469,-51.7165,-13.624,-22.473,-47.982,-58.8185,-49.86,15.298,6.346,5.076,16.058,32.287,5.579,0.747,-23.284,-48.047,-55.626,-11.363,-13.381,-23.912,-25.877,-39.9078,41.115,40.674,43.631,20.751,29.704,27.322,26.47,16.172,28.889,35.351,-10.277,-20.476,-40.039,-48.722,-30.731,-15.049,-11.412,-24.349,-23.523,-17.2516
"2018-07-31",-19.813,-25.573,-43.765,-53.8,-52.211,-15.3395,-25.414,-50.156,-65.126,-57.4155,4.8615,-3.936,-3.134,10.936,24.61,8.508,1.129,-19.311,-49.691,-55.997,-21.398,-20.501,-21.244,-27.5399,-44.535,50.56,47.763,43.919,29.292,39.951,36.624,31.563,16.66,21.133,24.921,-7.975,-22.602,-37.97,-45.112,-28.015,-19.174,-12.485,-23.58,-26.572,-23.4906
"2018-08-31",-32.34,-36.97,-50.096,-60.016,-58.854,-26.188,-32.731,-53.96,-67.307,-59.88,-0.6175,-8.836,-1.695,17.687,28.659,-3.547,-4.124,-23.629,-51.876,-61.116,-27.954,-25.458,-24.603,-29.88,-49.5094,52.551,50.487,43.915,28.229,35.324,19.045,29.374,19.196,21.884,24.628,-18.916,-31.015,-41.092,-48.166,-32.779,-25.253,-18.841,-27.993,-30.803,-31.2506
"2018-09-28",-33.692,-37.05,-49.123,-56.335,-56.901,-28.243,-34.557,-52.491,-62.862,-53.795,6.0455,-6.127,0.643,21.493,34.682,-2.843,-6.261,-24.146,-50.877,-57.273,-33.876,-31.092,-26.936,-30.661,-50.421,44.683,44.987,39.72,27.003,34.5,21.173,31.539,19.998,24.932,24.699,-25.012,-38.543,-41.432,-47.728,-30.228,-48.356,-26.997,-27.359,-27.716,-28.7466
"2018-10-31",-34.891,-38.721,-49.2255,-60.003,-62.758,-28.036,-33.769,-52.246,-63.874,-54.305,9.824,-3.759,-0.323,17.987,33.36,-1.819,-6.227,-23.009,-52.982,-64.397,-32.78,-29.495,-29.417,-38.359,-58.6029,48.402,45.976,44.649,26.689,33.476,23.96,30.486,18.859,16.046,13.453,-21.685,-35.722,-37.935,-44.865,-30.243,-34.436,-21.337,-20.799,-25.82,-26.0626
"2018-11-30",-25.67,-33.372,-47.04,-57.375,-64.232,-23.698,-32.285,-50.304,-61.724,-56.419,2.483,-8.026,-5.061,15.057,43.95,7.625,-7.987,-23.216,-51.431,-65.271,-30.072,-32.541,-34.672,-46.155,-69.043,44.568,40.667,39.068,18.848,28.701,10.459,9.297,9.132,7.282,1.963,-16.367,-30.457,-37.476,-46.132,-34.31,-24.084,-24.599,-24.529,-29.197,-33.8826
"2018-12-31",-25.994,-30.961,-48.159,-59.489,-69.525,-26.592,-31.236,-57.164,-65.263,-54.999,0.959,-6.274,-6.658,21.438,44.288,8.431,-6.017,-30.893,-58.831,-69.949,-42.113,-37.252,-41.542,-52.605,-71.578,39.384,42.496,30.242,14.813,19.799,12.51,16.566,11.58,12.918,8.666,-25.684,-29.795,-42.064,-46.469,-32.755,-25.364,-24.693,-27.487,-27.863,-30.4476
"2019-01-31",-23.449,-28.6315,-43.457,-60.192,-74.233,-29.782,-32,-53.026,-67.9,-65.686,-2.558,-5.922,-9.377,7.779,19.5,-1.661,-7.732,-26.324,-62.933,-78.065,-46.041,-42.421,-42.85,-51.882,-73.636,35.825,36.135,31.158,16.794,22.601,12.014,20.322,20.214,10.937,-3.868,-31.456,-34.81,-37.977,-43.083,-35.133,-24.417,-24.703,-30.084,-25.456,-33.7176
"2019-02-28",-24.89,-32.853,-44.705,-58.333,-68.722,-26.084,-32.757,-54.942,-72.6645,-73.3545,2.15,-6.8625,-7.6155,7.643,23.9,-1.1,-12.067,-29.285,-64.538,-75.987,-46.314,-46.864,-44.65,-49.821,-71.022,35.372,35.221,23.624,14.28,20.986,10.94,12.795,12.128,11.217,-2.196,-34.116,-39.974,-42.496,-43.854,-36.042,-27.222,-35.109,-37.561,-29.292,-29.9546
"2019-03-29",-22.46,-31.384,-43.4545,-58.9775,-71.655,-22.9545,-28.768,-51.608,-66.3555,-68.03,1.075,-5.107,-8.975,2.989,19.512,4.568,-6.283,-24.301,-54.319,-70.697,-42.725,-43.604,-43.933,-49.873,-74.706,37.301,35.602,20.207,12.156,15.81,2.892,10.386,7.824,2.743,-13.364,-44.489,-50.133,-50.007,-48.345,-45.449,-25.371,-30.091,-37.892,-37.415,-51.5976
"2019-04-30",-24.113,-33.2645,-46.1475,-59.597,-73.087,-26.341,-31.489,-52.939,-70.683,-74.23,1.68,-7.1225,-12.5385,2.571,16.036,2.067,-4.613,-24.88,-56.39,-73.832,-35.066,-40.588,-42.782,-51.962,-69.986,37.563,33.551,19.771,10.795,15.064,5.623,9.513,10.267,3.769,-12.913,-46.822,-52.49,-54.859,-56.294,-51.979,-29.364,-31.853,-38.499,-39.644,-51.3976
"2019-05-31",-38.402,-42.767,-57.381,-68.171,-80.552,-38.998,-40.115,-59.34,-75.943,-80.579,-13.044,-17.874,-20.438,-5.135,10.936,-15.108,-13.932,-34.945,-59.393,-77.06,-48.378,-49.82,-47.935,-56.25,-77.267,14.66,18.958,14.546,3.966,7.625,-7.737,4.412,8.992,12.393,-1.751,-64.486,-63.168,-66.728,-63.976,-60.333,-54.933,-55.317,-54.356,-46.958,-56.9086
"2019-06-28",-30.197,-40.593,-54.044,-67.48,-88.245,-35.3284,-40.123,-57.183,-75.281,-84.167,-0.242,-11.234,-15.986,-6.003,8.774,-16.005,-17.048,-33.114,-59.091,-78.276,-34.857,-45.884,-42.122,-49.276,-79.616,23.911,22.335,17.034,5.18,-1.25,-7.313,4.235,6.97,9.364,-10.938,-53.908,-59.877,-62.109,-59.69,-60.752,-53.399,-53.793,-51.536,-48.203,-65.1976
"2019-07-31",-31.555,-43.103,-54.4455,-70.277,-90.276,-40.03,-50.749,-68.877,-87.873,-97.258,-16.715,-24.816,-24.264,-10.756,4.676,-32.446,-32.023,-42.822,-78.243,-96.754,-38.347,-43.232,-43.561,-52.857,-83.505,31.695,26.804,16.688,8.733,7.491,10.35,4.521,8.745,11.891,-5.49,-53.032,-63.689,-64.799,-64.52,-66.094,-56.504,-60.772,-57.026,-56.19,-77.6156
"2019-08-30",-42.238,-48.085,-61.642,-73.918,-89.081,-49.186,-55.5935,-74.515,-87.613,-95.854,-14.792,-23.02,-29.64,-14.954,7.82,-31.359,-31.104,-45.24,-79.205,-104.566,-45.708,-48.698,-51.856,-58.421,-82.78,26.052,21.934,13.774,4.673,7.905,-2.307,9.718,10.599,14.02,-6.85,-60.087,-63.709,-68.762,-68.203,-68.144,-63.969,-64.806,-57.436,-58.977,-72.1326
"2019-09-30",-30.106,-41.158,-52.463,-68.349,-88.405,-43.072,-51.524,-68.837,-80.224,-87.196,-5.901,-19.6755,-26.8005,-11.793,4,-13.732,-20.807,-33.977,-65.81,-90.734,-45.72,-49.794,-49.04,-55.426,-83.371,22.955,17.178,17.29,5.665,9.937,4.552,9.902,17.413,17.946,0.585,-55.958,-63.761,-63.874,-65.147,-63.672,-58.945,-69.392,-55.006,-63.415,-86.3636
"2019-10-31",-14.208,-31.469,-44.8,-61.59,-83.602,-25.552,-43.62,-64.558,-78.788,-84.32,14.124,-11.774,-21.893,-9.1175,4.5215,2.073,-10.658,-25.272,-55.574,-86.297,-25.637,-42.966,-46.914,-54.23,-81.657,34.08,18.814,11.323,2.04,5.767,13.797,11.234,14.151,22.025,12.639,-43.781,-59.39,-62.293,-65.441,-71.335,-60.264,-70.894,-62.578,-59.737,-76.6336
"2019-11-29",-17.975,-32.921,-43.8945,-56.071,-75.394,-29.247,-44.837,-59.043,-70.167,-79.848,12.917,-12.499,-21.083,-7.686,8.396,-0.774,-15.062,-26.68,-53.511,-90.1691,-32.966,-45.561,-47.528,-54.333,-84.134,32.171,18.66,12.578,5.139,11.143,2.408,7.307,11.702,17.103,5.529,-42.54,-58.609,-62.215,-60.043,-61.72,-62.298,-69.918,-65.648,-55.666,-66.0586
"2019-12-31",-13.616,-22.217,-37.082,-48.806,-71.067,-19.19,-30.917,-51.332,-61.405,-74.19,13.203,-1.014,-12.096,-2.964,12.228,5.611,-2.537,-22.39,-52.477,-86.083,-30.41,-37.076,-43.933,-54.459,-89.328,47.127,35.993,22.767,13.872,15.58,9.947,26.249,20.073,28.956,25.165,-39.342,-49.068,-53.883,-52.852,-50.492,-53.942,-49.312,-55.656,-52.876,-65.8206
"2020-01-31",-19.286,-29.031,-40.722,-55.487,-71.633,-28.013,-35.334,-50.383,-63.407,-75.304,7.937,-6.547,-17.164,-9.797,6.385,0.114,-8.352,-23.25,-56.941,-90.847,-35.521,-40.671,-47.756,-56.392,-89.179,30.975,25.925,17.425,9.02,8.3,0.458,16.408,16.836,25.407,12.547,-51.615,-56.635,-55.352,-52.011,-50.01,-48.168,-48.809,-43.398,-47.555,-63.6886
"2020-02-28",-24.784,-35.332,-44.9305,-57.222,-78.328,-30.045,-40.54,-48.57,-61.593,-75.638,5.995,-8.259,-9.852,-10.495,3.688,0.952,-4.427,-14.439,-48.593,-86.007,-35.375,-39.445,-40.206,-49.709,-82.97,34.51,26.938,14.207,9.359,9.531,17.029,24.752,29.651,30.823,11.297,-49.214,-58.925,-60.393,-55.872,-60.158,-39.95,-45.422,-42.115,-46.918,-67.0476
"2020-03-31",9.948,-22.966,-42.109,-58.947,-80.738,-15.053,-39.781,-50.369,-59.891,-83.706,19.093,-2.4155,-9.4475,-13.7585,-9.708,47.325,15.435,-10.403,-35.052,-87.079,-16.189,-30.041,-37.655,-42.485,-65.603,73.032,41.917,27.105,16.109,40.354,67.453,57.753,59.231,77.614,71.844,-10.414,-42.383,-49.418,-48.177,-57.046,-10.2,-16.815,-17.726,-19.77,-44.2026
"2020-04-30",-10.903,-38.365,-52.306,-61.139,-83.752,-29.787,-42.976,-60.925,-71.879,-89.918,-19.79,-22.749,-23.568,-18.777,-17.187,15.317,2.649,-14.791,-40.036,-87.465,-33.69,-40.126,-49.345,-63.787,-76.035,48.334,32.429,24.382,23.837,34.957,49.77,40.173,32.727,39.926,13.377,-35.617,-45.191,-51.772,-44.794,-48.06,-12.606,-17.439,-27.613,-33.779,-57.3186
"2020-05-29",-26.879,-35.965,-44.276,-50.3435,-68.0145,-36.587,-45.677,-59.413,-72.011,-92.883,-11.359,-16.36,-20.968,-18.288,-13.508,1.878,-1.559,-9.977,-34.506,-79.156,-36.411,-37.829,-43.184,-57.743,-70.169,40.535,31.336,27.407,31.516,40.532,24.328,34.998,38.715,41.219,19.716,-37.848,-42.141,-45.578,-39.045,-41.177,-23.316,-20.881,-25.277,-29.969,-48.1586
"2020-06-30",-15.588,-31.064,-44.667,-52.116,-70.984,-40.178,-44.336,-57.172,-66.345,-82.341,-11.156,-14.319,-18.175,-14.577,-7.192,-8.497,-7.257,-18.179,-38.603,-81.057,-44.417,-45.49,-53.426,-66.034,-86.067,38.691,31.67,29.558,26.42,46.88,26.854,35.816,40.843,46.763,34.189,-35.36,-42.597,-47.343,-40.028,-38.044,-31.302,-29.198,-33.38,-36.767,-59.2236
"2020-07-31",-9.078,-27.641,-42.845,-53.757,-70.265,-29.261,-35.386,-50.14,-60.352,-68.591,-1.453,-3.429,-13.023,-10.404,3.391,-17.887,-13.691,-21.709,-39.475,-76.892,-50.049,-47.793,-52.317,-61.205,-82.187,30.823,27.342,32.519,32.658,56.586,15.081,25.982,32.021,34.106,32.612,-26.291,-37.763,-44.979,-41.55,-35.872,-27.141,-28.457,-32.865,-38.402,-48.9626
"2020-08-31",-7.273,-18.553,-31.131,-41.207,-61.049,-26.262,-31.798,-43.077,-53.17,-61.861,-2.12,-1.073,-3.845,2.527,10.615,-13.051,-10.641,-15.46,-31.72,-70.637,-48.647,-43.155,-47.944,-56.515,-75.717,28.003,31.166,32.142,36.048,52.68,19.147,24.298,26.594,28.267,32.741,-24.039,-32.478,-36.042,-31.531,-31.554,-21.067,-19.395,-22.81,-29.499,-46.8446
"2020-09-30",-8.361,-19.115,-32.021,-43.465,-64.365,-22.429,-27.706,-42.652,-49.816,-57.111,3.036,3.826,-6.503,0.878,6.873,-5.292,-4.106,-10.989,-25.185,-63.612,-54.189,-48.673,-52.809,-58.648,-79.449,19.871,23.034,30.045,28.126,43.1125,7.472,11.228,16.367,25.005,38.998,-12.24,-33.921,-37.815,-37.823,-30.83,-37.704,-25.413,-23.544,-26.157,-34.3996
"2020-10-30",-18.364,-23.624,-36.501,-50.428,-72.046,-23.329,-26.487,-38.419,-50.353,-58.614,2.136,3.161,-4.324,1.686,7.678,-5.335,-2.973,-11.791,-28.905,-66.388,-52.164,-46.768,-51.897,-58.961,-81.363,14.348,18.765,20.751,22.191,42.77,6.08,10.19,17.066,22.889,36.124,-18.209,-36.541,-40.477,-41.658,-34.576,-31.416,-21.94,-23.613,-29.26,-58.3226
"2020-11-30",-18.327,-22.717,-34.547,-47.67,-71.541,-21.079,-25.295,-35.379,-46.962,-55.272,1.973,-0.247,-6.5515,-1.285,3.984,-5.166,-7.167,-17.179,-34.885,-70.854,-52.946,-51.216,-55.041,-62.534,-86.71,8.421,13.73,15.076,18.175,38.4115,3.654,7.879,10.772,19.793,38.928,-24.068,-37.393,-40.834,-40.954,-37.004,-22.86,-17.976,-21.946,-28.803,-41.4836
"2020-12-31",-18.198,-19.491,-31.522,-46.284,-69.088,-20.749,-27.135,-35.764,-47.637,-53.194,-9.491,-9.148,-10.661,-4.932,3.166,-9.632,-7.05,-16.198,-37.965,-70.04,-53.019,-51.164,-55.396,-65.641,-86.326,7.9,9.611,13.751,18.114,46.937,-11.3074,-0.066,9.161,23.15,58.449,-30.363,-38.404,-41.681,-42.113,-37.202,-28.866,-20.744,-23.969,-33.492,-42.4906
"2021-01-29",-11.58,-19.998,-29.361,-47.323,-70.21,-16.686,-25.173,-31.411,-42.449,-55.449,-4.802,-9.204,-10.055,-4.53,-0.551,-5.682,-7.01,-8.745,-35.176,-67.131,-54.833,-52.136,-52.105,-59.236,-78.002,9.584,10.13,15.607,15.2,42.865,2.191,-7.649,8.664,15.845,48.033,-22.249,-35.497,-36.537,-40.71,-42.435,-28.899,-25.109,-25.265,-32.069,-41.9066
"2021-02-26",-9.063,-15.785,-22.224,-34.676,-73.524,-20.084,-25.53,-31.42,-35.314,-62.154,3.45,0.802,-2.512,7.9255,0.996,-8.457,-7.844,-13.111,-34.89,-86.17,-38.268,-43.113,-40.002,-45.492,-82.824,21.271,19.393,31.779,38.966,46.263,6.6486,9.813,20.841,29.443,53.247,-19.78,-28.926,-34.848,-36.098,-51.923,-21.254,-21.889,-27.02,-28.748,-50.7946
"2021-03-31",-6.7415,-13.152,-24.3285,-42.872,-72.627,-14.571,-23.414,-33.969,-48.137,-65.807,2.161,2.041,-3.402,4.401,1.698,-3.68,-6.8501,-12.809,-45.326,-88.089,-42.941,-45.751,-48.776,-57.442,-86.91,17.636,11.131,19.238,21.504,34.904,8.3983,0.126,14.437,21.337,39.98,-18.871,-27.443,-33.304,-42.257,-50.19,-22.351,-27.458,-26.499,-34.138,-52.2506
"2021-04-30",-2.794,-13.553,-25.948,-44.773,-71.0275,-11.78,-23.161,-32.433,-47.313,-63.528,4.54,-2.122,-8.109,-1.604,-1.2735,-4.635,-4.854,-12.371,-41.661,-85.362,-38.657,-47.345,-48.042,-52.771,-73.326,17.16,10.171,19.33,18.287,39.325,-5.9963,-0.298,6.998,10.949,33.055,-16.349,-30.372,-36.278,-47.395,-54.895,-17.874,-31.951,-27.787,-32.954,-34.8756
"2021-05-31",-6.587,-11.653,-20.014,-38.067,-67.009,-12.248,-21.038,-29.878,-47.135,-71.138,1.758,-2.411,-5.267,1.067,-5.61,-3.721,-3.027,-5.632,-36.317,-79.779,-43.145,-48.947,-50.756,-55.982,-81.152,6.182,3.325,14.61,16.283,25.649,-12.7103,-9.177,0.893,7.852,23.46,-20.41,-32.267,-36.342,-45.499,-58.807,-30.791,-34.09,-21.573,-31.275,-48.1356
"2021-06-30",-9.158,-17.962,-27.224,-45.179,-78.943,-12.471,-21.548,-31.095,-46.822,-71.159,-6.1291,-11.51,-13.188,-5.512,-10.232,-3.5537,-7.904,-14.523,-37.611,-84.22,-47.286,-51.64,-54.653,-59.346,-89.156,3.545,-0.441,15.481,13.748,21.016,-16.4108,-4.945,4.088,18.846,37.536,-23.389,-34.93,-39.776,-48.243,-60.19,-26.943,-35.175,-28.119,-35.901,-58.7876
"2021-07-30",-13.971,-25.951,-33.479,-48.6585,-80.812,-18.55,-21.916,-30.328,-40.924,-60.2,-11.1247,-15.676,-12.431,-1.635,-6.517,-2.4538,-5.385,-12.278,-32.12,-76.09,-49.099,-52.566,-52.439,-53.898,-75.328,-1.084,-7.281,14.795,13.285,36.425,-46.166,-19.743,-5.605,9.992,24.643,-26.953,-37.828,-39.062,-43.688,-54.521,-37.318,-39.935,-26.485,-32.301,-56.7486
"2021-08-31",-16.36,-21.15,-29.545,-42.913,-78.925,-19.205,-22.935,-27.426,-37.425,-57.06,-6.2667,-11.248,-11,-1.394,-6.216,-0.6236,-1.27,-8.932,-29.658,-75.082,-46.362,-52.66,-52.459,-54.462,-79.232,-0.728,-11.754,5.7685,4.779,25.647,-58.234,-21.696,-0.638,13.685,28.062,-30.002,-37.667,-35.871,-40.031,-48.626,-37.145,-38.319,-26.971,-28.485,-53.077
"2021-09-30",-18.6975,-22.545,-31.6575,-39.435,-75.54,-18.766,-21.918,-28.933,-37.045,-56.604,-16.6316,-16.958,-14.095,1.073,-4.298,-2.0446,0.495,-7.617,-31.571,-80.475,-49.824,-52.615,-52.94,-54.172,-77.677,1.921,-9.57,10.819,15.753,40.931,-75.016,-30.798,-1.998,14.645,27.802,-32.759,-42.543,-43.063,-44.98,-57.173,-49.455,-30.949,-23.358,-31.298,-49.455
"2021-10-29",-22.9288,-25.967,-47.575,-52.753,-86.039,-24.656,-21.571,-49.567,-51.123,-69.438,-27.1617,-28.362,-27.025,-7.061,-11.938,-0.0134,1.988,-19.811,-42.437,-95.278,-40.161,-56.021,-61.894,-60.948,-85.48,22.825,8.885,10.592,17.2975,38.2705,-104.681,-21.959,5.35,27.66,25.029,-42.263,-40.643,-67.882,-66.278,-70.533,-37.979,-16.325,-24.67,-28.502,-45.489
"2021-11-30",-30.214,-21.558,-42.787,-47.567,-84.342,-25.988,-11.488,-33.512,-32.413,-54.92,-35.5168,-32.146,-35.276,0.6785,-0.059,-2.0157,11.989,-12.326,-34.896,-88.28,-49.216,-55.473,-55.149,-53.484,-73.773,12.258,4.17,10.189,11.41,33.186,-46.083,-19.171,-7.241,23.854,30.455,-40.327,-41.411,-55.505,-59.507,-66.375,-28.579,-13.023,-11.863,-14.425,-32.934
"2021-12-31",-9.7945,-17.159,-40.954,-47.993,-82.844,-11.041,-7.468,-31.01,-31.052,-50.576,-28.2007,-28.294,-28.105,-0.675,20.265,7.2653,15.162,0.159,-33.09,-62.189,-38.938,-54.169,-59.661,-56.73,-80.554,17.559,1.294,14.907,11.929,47.3725,-67.489,-14.748,-2.871,17.82,43.43,-37.069,-39.657,-56.954,-60.572,-67.892,-20.252,-5.578,-10.149,-12.693,-32.369
"2022-01-31",-40.61,-49.791,-65.708,-66.713,-105.049,-41.383,-46.535,-77.005,-81.338,-103.5505,-25.908,-44.583,-52.596,-22.164,-25.597,-34.6365,-36.861,-68.252,-92.334,-142.775,-76.629,-90.171,-99.349,-96.959,-122.841,-8.758,-37.055,-33.517,-34.543,-15.612,-147.464,-62.177,-48.337,-30.894,-22.845,-56.776,-75.352,-108.935,-115.081,-124.983,-52.8935,-48.316,-60.152,-63.111,-85.853
"2022-02-28",-60.314,-72.616,-75.267,-77.359,-120.822,-56.992,-59.008,-83.028,-85.646,-109.632,-68.195,-81.316,-79.317,-27.032,-32.031,-41.52,-50.473,-73.954,-94.84,-150.549,-85.361,-101.375,-107.772,-101.648,-131.866,-20.037,-40.989,-30.091,-32.269,-27.13,-156.519,-71.828,-48.313,-33.273,-34.69,-77.642,-98.962,-119.303,-128.315,-141.816,-68.398,-66.855,-69.679,-61.56,-82.991
"2022-03-31",-43.732,-71.345,-80.869,-82.818,-123.953,-43.715,-58.784,-86.135,-88.616,-103.967,-57.11,-88.351,-85.162,-39.331,-37.095,-28.908,-54.799,-83.758,-100.393,-153.34,-64.012,-90.753,-94.654,-100.041,-145.839,-24.193,-46.735,-38.792,-33.813,-23.401,-183.097,-72.045,-47.097,-22.32,-21.011,-104.831,-96.332,-113.621,-111.127,-121.06,-68.302,-59.852,-68.387,-64.184,-94.088
"2022-04-29",-40.594,-68.646,-89.265,-89.449,-131.396,-39.806,-63.167,-101.855,-105.059,-116.731,-43.64,-79.575,-79.796,-34.269,-32.961,-21.967,-57.492,-95.239,-116.28,-171.149,-59.278,-86.093,-92.07,-94.831,-143.919,-8.215,-27.151,-37.381,-42.905,-38.641,-81.344,-75.365,-55.536,-31.168,-29.451,-63.687,-89.404,-111.063,-106.024,-116.87,-55.289,-49.644,-63.1,-61.994,-75.219
"2022-05-31",-27.78,-57.702,-86.424,-82.107,-118.663,-33.66,-60.144,-105.383,-101.3095,-123.1645,-51.097,-91.155,-101.156,-33.757,-34.668,-17.487,-62.499,-116.792,-130.663,-199.589,-61.407,-82.893,-98.514,-99.425,-154.873,-33.212,-52.394,-41.697,-42.964,-54.448,-76.996,-77.844,-69.493,-40.374,-30.717,-69.836,-103.888,-143.833,-139.638,-158.757,-30.473,-39.803,-62.124,-60.36,-89.098
"2022-06-30",-38.278,-78.056,-101.724,-98.36,-128.234,-58.966,-86.518,-132.851,-131.895,-140.4685,-67.837,-101.899,-110.662,-47.456,-44.095,-81.884,-109.698,-136.125,-152.343,-210.598,-70.991,-86.922,-99.683,-103.84,-167.45,-44.063,-60.012,-45.384,-54.707,-91.277,-54.925,-66.06,-55.21,-26.201,-30.395,-80.367,-110.673,-147.287,-152.0195,-175.275,-51.626,-60.292,-72.684,-70.517,-105.422
"2022-07-29",-61.05,-94.334,-107.986,-102.595,-146.025,-64.511,-83.341,-119.368,-120.033,-147.937,-80.692,-108.976,-113.086,-59.039,-55.529,-80.213,-102.255,-140.776,-167.694,-227.66,-99.331,-95.148,-104.419,-115.273,-177.384,-59.27,-59.333,-47.499,-59.536,-90.759,-73.528,-70.617,-55.948,-30.069,-41.805,-93.318,-105.883,-134.293,-137.53,-178.698,-67.453,-71.198,-75.815,-65.936,-99.145
"2022-08-31",-113.714,-96.94,-105.761,-98.219,-141.832,-54.282,-73.7,-116.235,-116.531,-143.679,-84.665,-109.528,-104.604,-51.94,-46.328,-68.393,-91.823,-142.076,-177.997,-248.943,-76.679,-87.838,-98.862,-107.791,-180.403,-40.728,-51.764,-51.028,-59.536,-94.51,-72.841,-71.169,-51.144,-23.309,-35.783,-80.029,-96.504,-125.564,-122.819,-161.455,-61.776,-60.642,-65.551,-63.855,-97.13
"2022-09-30",-73.961,-116.137,-123.275,-114.073,-145.891,-50.132,-79.962,-119.994,-125.823,-144.854,-111.482,-138.388,-119.415,-86.322,-91.376,-80.736,-117.989,-148.21,-175.173,-255.8,-74.481,-95.517,-96.831,-114.118,-183.528,-40.493,-58.531,-51.233,-61.507,-98.756,-71.97,-71.772,-48.241,-17.208,-29.201,-79.088,-108.45,-130.036,-131.797,-176.648,-51.369,-68.081,-64.291,-55.782,-69.285
"2022-10-31",-54.184,-93.617,-114.204,-112.399,-141.802,-51.961,-70.288,-118.189,-132.1153,-143.903,-124.828,-138.029,-109.124,-68.879,-61.173,-95.417,-112.318,-148.701,-177.095,-253.551,-91.956,-92.207,-98.99,-118.663,-184.167,-67.321,-77.848,-82.651,-96.502,-126.625,-98.807,-100.34,-86.178,-66.185,-81.533,-91.82,-100.835,-121.535,-123.578,-161.055,-49.993,-36.841,-54.943,-64.86,-105.493
"2022-11-30",-54.592,-71.3,-93.771,-100.858,-134.883,-42.011,-62.298,-107.369,-132.48,-133.1993,-116.568,-126.954,-101.045,-65.839,-54.919,-58.981,-72.582,-117.215,-152.742,-225.148,-93.668,-95.492,-106.535,-123.212,-182.875,-35.626,-49.033,-63.998,-70.336,-90.044,-82.985,-70.671,-48.272,-52.976,-73.336,-77.817,-95.197,-118.674,-121.661,-152.009,-52.663,-45.985,-52.095,-58.978,-80.866
"2022-12-30",-53.829,-64.153,-87.029,-92.399,-119.59,-28.806,-65.152,-119.63,-138.02,-130.227,-89.871,-104.095,-92.249,-52.159,-56.583,-20.083,-60.721,-106.81,-142.591,-210.449,-72.454,-92.685,-100.956,-119.355,-190.483,-35.328,-56.224,-57.059,-67.324,-93.399,-50.355,-70.783,-65.97,-53.305,-78.607,-74.101,-94.39,-116.56,-112.832,-146.28,-29.597,-45.682,-50.635,-54.173,-78.179
"2023-01-31",-44.962,-65.368,-77.782,-85.475,-109.666,-40.082,-66.921,-109.836,-135.147,-124.967,-79.09,-90.319,-73.806,-43.905,-36.255,-35.995,-63.325,-100.769,-135.84,-191.832,-82.875,-89.465,-91.809,-109.7,-164.773,-31.061,-48.251,-48.348,-68.637,-77.311,-49.292,-54.937,-40.97,-21.681,-27.901,-60.643,-83.593,-97.239,-104.983,-133.593,-37.387,-42.705,-46.036,-54.96,-76.041
"2023-02-28",-19.858,-52.891,-76.152,-82.403,-108.796,-22.917,-57.901,-99.4265,-125.594,-130.1375,-26.543,-79.296,-64.145,-27.854,-25.029,-25.108,-68.761,-110.723,-139.632,-200.775,-47.295,-83.945,-91.056,-103.819,-167.592,-6.957,-44.895,-51.136,-72.777,-96.319,-42.464,-46.667,-51.348,-34.642,-53.501,-39.724,-72.87,-91.746,-94.316,-107.894,-25.078,-41.089,-49.092,-44.834,-75.924
"2023-03-31",-47.743,-73.9,-98.081,-101.288,-126.527,-55.472,-72.805,-114.105,-132.913,-141.79,-45.602,-86.297,-80.838,-39.912,-44.074,-90.764,-107.799,-142.715,-169.159,-230.145,-80.163,-94.208,-97.229,-111.829,-164.368,-31.42,-47.981,-59.309,-75.45,-93.246,-63.947,-49.68,-40.97,-33.136,-66.784,-84.437,-85.763,-105.73,-105.279,-120.203,-59.531,-55.733,-65.466,-60.561,-106.736
"2023-04-28",-67.026,-80.225,-96.616,-99.804,-122.196,-62.162,-72.109,-106.514,-123.626,-142.17,-58.773,-82.846,-72.922,-40.001,-44.451,-113.486,-126.187,-158.967,-185.007,-238.595,-90.81,-103.368,-99.187,-113.645,-170.562,-30.78,-50.893,-47.015,-66.67,-84.303,-93.86,-65.619,-45.099,-30.392,-61.589,-104.305,-85.357,-90.933,-89.746,-98.326,-73.068,-63.393,-61.261,-59.953,-108.653
"2023-05-31",-74.787,-89.565,-96.113,-96.65,-122.759,-70.541,-81.339,-108.389,-118.647,-142.377,-82.651,-97.424,-76.948,-39.203,-50.338,-126.006,-131.732,-164.031,-184.971,-252.037,-108.586,-120.281,-106.012,-117.506,-183.702,-40.457,-46.117,-43.908,-59.332,-85.603,-100.791,-69.195,-40.4,-14.971,-49.653,-118.721,-101.637,-104.538,-100.176,-110.146,-110.002,-93.108,-67.277,-57.025,-115.321
"2023-06-30",-48.52,-75.844,-87.762,-89.3,-116.639,-54.271,-71.236,-102.448,-113.254,-135.183,-83.401,-91.609,-76.254,-41.378,-46.916,-73.972,-114.287,-147.379,-169.026,-232.517,-105.014,-121.049,-110.646,-117.288,-181.686,-24.919,-34.17,-31.948,-48.097,-73.367,-46.346,-53.954,-27.5375,0.358,-34.462,-68.502,-94.11,-93.402,-83.331,-91.976,-108.016,-85.125,-67.575,-58.552,-114.702
"2023-07-31",-37.011,-71.004,-85.003,-90.247,-115.243,-40.182,-62.188,-98.229,-115.302,-136.1711,-80.596,-88.766,-78.396,-40.74,-46.48,-75.661,-111.026,-141.455,-169.62,-231.608,-92.583,-111.457,-112.438,-121.669,-184.609,-25.703,-36.346,-36.314,-48.44,-71.882,-61.537,-50.557,-26.042,-8.314,-39.205,-66.167,-93.373,-94.911,-91.023,-96.999,-108.975,-88.985,-69.813,-63.607,-120.171
"2023-08-31",-39.561,-72.729,-88.39,-91.406,-122.211,-47.817,-68.825,-103.579,-115.32,-133.214,-69.141,-60.352,-61.316,-43.187,-50.883,-82.743,-114.412,-145.486,-175.096,-242.403,-100.195,-118.702,-109.439,-123.723,-186.971,-19.103,-33.041,-31.237,-47.824,-72.234,-55.316,-43.484,-15.845,1.393,-35.586,-76.706,-99.722,-92.954,-84.255,-97.196,-102.812,-89.293,-68.08,-61.301,-116.734
"2023-09-29",-43.93,-67.825,-88.026,-92.994,-122.367,-54.335,-76.727,-112.596,-124.323,-143.677,-46.836,-48.646,-57.82,-39.085,-42.068,-67.432,-91.044,-129.169,-167.009,-234.102,-100.329,-115.687,-109.414,-123.654,-186.557,-11.32,-28.747,-32.155,-45.954,-77.115,-58.417,-45.118,-22.969,-11.557,-47.756,-54.439,-98.421,-96.456,-97.14,-116.952,-94.343,-86.389,-63.373,-68.328,-116.583
"2023-10-31",-29.156,-59.095,-83.892,-92.532,-119.073,-61.085,-82.595,-119.408,-132.1099,-139.623,-44.909,-43.342,-53.889,-36.744,-39.687,-51.997,-62.655,-109.236,-148.207,-214.336,-107.149,-107.174,-113.238,-128.131,-191.835,-6.987,-27.272,-42.679,-58.869,-85.008,-57.85,-45.219,-27.649,-16.507,-56.402,-58.399,-90.903,-95.867,-94.213,-105.246,-93.007,-82.464,-65.687,-66.936,-115.551
"2023-11-30",-27.967,-54.129,-75.478,-85.089,-112.399,-53.501,-83.252,-119.689,-134.109,-140.931,-46.699,-45.124,-49.66,-31.168,-31.537,-46.417,-57.517,-94.375,-136.341,-205.343,-92.394,-107.97,-102.615,-115.502,-182.918,-13.114,-36.683,-45.572,-62.191,-96.6,-64.08,-56.508,-30.462,-21.994,-61.818,-70.531,-81.076,-79.204,-75.698,-84.83,-74.151,-62.98,-55.306,-60.654,-110.204
"2023-12-29",-25.272,-45.519,-69.613,-81.083,-107.433,-51.754,-81.419,-120.519,-134.227,-138.386,-40.497,-36.278,-43.023,-20.899,-19.319,-31.282,-48.55,-95.695,-144.389,-206.136,-78.201,-105.426,-103.884,-114.822,-170.256,-19.11,-34.025,-37.199,-53.776,-87.617,-55.991,-44.3,-24.682,-13.228,-39.406,-22.626,-70.709,-76.868,-78.4,-87.906,-50.083,-62.356,-60.329,-61.97,-103.253
"2024-01-31",-17.11,-41.376,-61.907,-77.13,-99.478,-52.677,-76.652,-108.63,-128.964,-131.854,-37.219,-30.249,-35.657,-22.645,-18.408,-31.901,-45.747,-80.991,-125.346,-186.103,-82.009,-99.441,-99.561,-114.255,-170.607,-16.239,-30.417,-32.256,-48.735,-74.626,-59.463,-43.523,-22.849,-6.904,-38.387,-40.552,-71.929,-76.16,-82.676,-96.186,-54.364,-71.61,-63.764,-57.346,-95.311
"2024-02-29",-8.188,-29.902,-51.677,-67.369,-90.657,-38.517,-60.694,-97.0095,-118.6495,-123.5479,-29.466,-46.56,-33.152,-19.86,-18.747,-19.972,-38.119,-81.103,-129.038,-190.012,-67.439,-93.301,-95.753,-110.052,-166.696,-16.652,-31.525,-34.729,-49.095,-73.789,-64.592,-49.679,-21.988,-9.507,-38.64,-44.439,-67.636,-70.452,-72.364,-83.006,-61.518,-69.714,-64.055,-53.469,-99.303
"2024-03-29",-12.163,-26.723,-49.02,-65.245,-85.446,-39.329,-54.844,-86.5755,-105.3115,-110.6495,-27.631,-37.402,-28.333,-17.336,-13.088,-26.346,-39.83,-80.325,-129.979,-188.321,-72.404,-91.204,-94.5,-108.693,-165.917,-20.916,-26.858,-31.125,-47.531,-66.893,-62.453,-43.904,-21.208,-4.734,-27.552,-33.838,-64.356,-71.554,-69.138,-79.957,-64.991,-77.434,-66.104,-60.913,-103.304
"2024-04-30",-8.128,-28.739,-50.081,-64.275,-84.262,-38.224,-50.26,-87.203,-105.07,-101.551,-20.443,-39.68,-30.34,-17.014,-16.452,-24.84,-40.92,-80.132,-131.198,-194.221,-69.312,-89.227,-93.494,-102.923,-158.895,-9.918,-29.893,-34.197,-52.595,-74.818,-60.404,-48.483,-30.03,-20.177,-40.704,-40.81,-67.34,-77.8,-85.583,-96.732,-70.538,-88.973,-71.21,-64.783,-100.33
"2024-05-31",-9.941,-26.94,-44.301,-57.068,-73.089,-34.937,-49.083,-78.583,-93.2735,-93.648,-20.351,-44.29,-24.391,-9.111,-10.507,-24.299,-39.634,-66.435,-116.985,-176.867,-85.059,-86.235,-86.212,-96.623,-147.221,-2.442,-22.596,-24.499,-39.625,-57.193,-68.2255,-48.041,-27.149,-12.902,-36.778,-48.045,-72.234,-80.086,-85.004,-95.571,-73.04,-91.029,-72.072,-62.198,-83.395
"2024-06-28",-24.135,-41.254,-57.687,-71.115,-85.218,-47.09,-59.332,-86.826,-100.952,-103.645,-30.961,-48.05,-26.197,-12.836,-20.241,-32.724,-43.518,-70.045,-121.229,-180.937,-78.736,-89.374,-87.251,-99.735,-157.174,-10.4,-23.129,-25.909,-44.935,-63.183,-61.0745,-41.539,-25.486,-17.864,-38.09,-39.827,-70.491,-79.959,-86.58,-102.296,-64.215,-81.799,-67.527,-67.313,-96.921
"2024-07-31",-15.027,-29.221,-49.837,-68.405,-86.522,-45.077,-57.523,-77.871,-92.042,-88.583,-47.295,-57.867,-30.163,-15.652,-23.141,-22.983,-46.358,-70.363,-118.348,-181.075,-9.756,-22.329,-22.503,-38.001,-89.687,-12.071,-19.425,-19.313,-35.327,-46.419,-45.143,-21.855,-12.634,-3.958,-15.559,-49.26,-70.537,-78.895,-88.895,-108.665,-74.356,-87.511,-67.311,-67.077,-93.892
"2024-08-30",-22.976,-38.112,-55.039,-74.09,-89.883,-55.6295,-68.075,-91.8495,-104.446,-102.0845,-11.467,-16.938,-21.111,-24.322,-32.691,-31.154,-49.575,-72.318,-118.099,-180.858,-22.751,-25.581,-22.627,-38.202,-89.323,-24.902,-28.091,-27.05,-50.463,-64.355,-58.3265,-28.043,-18.618,-11.828,-30.957,-62.232,-76.495,-79.802,-80.648,-101.368,-84.595,-90,-76.753,-74.245,-104.486
"2024-09-30",-15.881,-29.354,-48.419,-68.057,-80.758,-58.004,-66.095,-92.002,-104.497,-97.239,-0.006,-7.684,-13.535,-17.236,-22.139,-29.604,-42.468,-65.103,-107.641,-162.921,-12.027,-21.925,-22.962,-35.611,-80.778,-26.326,-23.639,-21.606,-45.384,-51.662,-43.3035,-20,-9.759,-2.659,-13.679,-40.663,-71.239,-78.43,-82.652,-101.018,-66.622,-77.626,-76.938,-80.412,-107.198
"2024-10-31",-4.544,-15.926,-32.265,-47.504,-62.331,-57.658,-70.812,-95.212,-109.5035,-103.543,10.344,-5.04,-15.021,-14.094,-19.712,-24.698,-39.976,-64.441,-101.854,-151.957,-12.81,-20.173,-23.549,-34.027,-82.594,-17.643,-26.081,-30.329,-46.912,-55.426,-33.215,-23.646,-13.65,-8.342,-28.949,-45.361,-71.153,-80.594,-89.285,-97.19,-69.741,-75.811,-77.538,-79.716,-97.74
"2024-11-29",9.358,-7.36,-25.211,-37.141,-55.898,-45.297,-59.067,-85.359,-98.137,-91.421,0.426,-4.141,-10.844,-3.93,-6.117,-22.942,-31.411,-54.986,-83.567,-131.952,-5.725,-10.149,-14.012,-24.181,-71.303,-14.101,-19.859,-23.637,-39.539,-44.979,-38.469,-23.514,-7.408,0.74,-11.891,-39.327,-59.894,-67.414,-75.21,-85.477,-56.22,-54.129,-61.242,-67.483,-89.99
"2024-12-31",12.045,-7.181,-25.046,-32.462,-52.281,-39.462,-56.351,-84.431,-93.162,-92.068,12.623,-3.678,-7.873,-1.696,-4.221,-17.028,-30.629,-57.779,-81.882,-127.444,4.58,-6.393,-11.341,-20.594,-66.264,-2.034,-14.824,-22.167,-37.718,-44.687,-14.12,-16.543,-0.971,14.574,6.819,-37.749,-61.795,-79.565,-86.355,-94.393,-54.1,-78.366,-75.209,-81.414,-96.446
"2025-01-31",1.066,-7.726,-17.382,-27.582,-40.261,-35.477,-52.564,-72.487,-86.804,-89.27,10.002,-1.873,-3.25,7.628,4.491,-16.577,-26.326,-45.845,-74.17,-118.13,-0.604,-10.965,-8.138,-16.806,-59.25,-3.102,-12.248,-16.995,-33.375,-38.271,-8.281,-10.345,-0.1,11.794,-4.984,-33.747,-63.447,-71.369,-81.003,-91.726,-56.345,-73.838,-55.961,-62.578,-81.843
"2025-02-28",-3.859,-5.996,-12.119,-17.505,-31.39,-39.013,-48.235,-63.439,-68.859,-73.796,7.997,-0.996,-1.348,11.897,7.615,-15.316,-24.506,-43.104,-66.075,-110.118,-3.256,-10.022,-8.702,-12.611,-50.689,-3.116,-11.36,-15.042,-27.522,-28.86,-4.523,-11.583,1.978,11.306,-2.685,-39.495,-58.047,-67.656,-76.344,-91.325,-61.7,-82.891,-58.366,-56.391,-81.467
"2025-03-31",-3.199,-8.466,-18.884,-22.5,-38.665,-40.398,-52.496,-65.747,-72.024,-76.296,-7.943,0.036,-3.481,2.556,-4.13,-21.287,-31.755,-53.455,-83.854,-127.002,-3.064,-8.227,-6.958,-11.353,-53.801,-3.72,-10.756,-19.154,-25.678,-31.819,-3.991,-11.592,0.068,10.21,-4.701,-40.469,-58.013,-72.612,-84.026,-101.039,-68.004,-88.713,-59.889,-62.041,-96.164
"2025-04-30",-3.676,-19.188,-31.794,-41.678,-59.171,-44.27,-55.271,-67.525,-73.0175,-66.9165,-16.259,-0.599,-6.065,-8.29,-18.491,-18.181,-30.577,-59.146,-93.493,-146.133,-8.924,-11.932,-10.623,-20.444,-63.553,0.793,-11.121,-18.887,-35.095,-43.001,-20.542,-14.807,-2.902,1.338,-14.953,-43.463,-65.574,-78.833,-94.609,-114.478,-75.745,-84.644,-65.306,-70.619,-111.064
"2025-05-30",-2.077,-15.915,-27.53,-39.787,-63.105,-41.216,-55.867,-65.54,-68.388,-67.917,-13.996,-1.549,-4.539,-5.125,-22.474,-12.157,-29.725,-54.723,-90.286,-139.34,-7.654,-14.232,-10.755,-19.152,-70.375,1.86,-11.252,-21.566,-33.723,-43.132,-20.168,-17.687,-8.974,-5.625,-23.275,-36.904,-59.924,-78.346,-92.988,-119.581,-83.1,-85.339,-64.563,-65.839,-104.265
"2025-06-30",-6.975,-14.326,-26.457,-39.877,-65.42,-39.502,-51.814,-65.366,-70.976,-75.584,-6.6015,0.537,-1.534,-4.906,-20.29,-17.068,-32.002,-53.018,-90.921,-132.694,-9.697,-15.315,-11.0949,-18.044,-66.717,2.269,-10.008,-22.76,-35.959,-43.527,-22.578,-16.826,-5.847,0.276,-19.646,-30.072,-55.003,-78.02,-93.056,-119.699,-69.15,-74.648,-58.205,-66.415,-110.754
"2025-07-31",5.526,-14.839,-26.076,-41.865,-61.696,-27.125,-52.583,-65.024,-72.86,-65.232,8.0015,-1.328,-2.493,-3.053,-12.739,-16.661,-38.22,-59.093,-96.947,-135.84,-3.922,-20.594,-15.327,-22.236,-64.55,5.589,-13.57,-21.297,-38.747,-45.82,-15.451,-18.204,-6.806,-1.868,-17.119,-31.209,-59.252,-79.681,-95.307,-118.627,-68.127,-77.55,-61.861,-69.082,-105.062
"2025-08-29",0.255,-14.147,-25.715,-38.925,-60.001,-32.285,-52.457,-65.528,-73.723,-70.359,0.3465,-0.594,-2.119,1.739,-16.99,-23.944,-38.732,-59.482,-101.592,-147.732,-5.852,-16.528,-11.589,-16.319,-57.387,1.923,-12.004,-21.37,-34.2,-45.899,-19.316,-13.045,-3.038,1.412,-6.498,-33.471,-52.792,-70.243,-80.709,-113.142,-72.0255,-74.174,-62.059,-69.806,-111.727
"2025-09-30",7.634,-13.226,-24.445,-35.657,-50.784,-20.5025,-49.821,-64.355,-70.784,-61.989,13.974,4.105,2.164,9.515,-5.616,-16.338,-38.636,-60.481,-98.961,-140.593,6.532,-10.878,-11.8,-11.55,-45.366,11.185,-16.915,-27.008,-39.838,-48.518,-7.797,-11.291,-0.152,12.686,2.359,-21.898,-51.402,-68.257,-69.082,-96.822,-56.434,-70.427,-63.187,-69.588,-100.414
"2025-10-31",-6.525,-12.165,-19.992,-29.742,-46.591,-30.649,-43.9995,-55.626,-61.533,-51.931,7.45,8.871,7.399,11.916,-5.036,-23.604,-36.009,-54.622,-91.508,-128.436,-6.443,-12.406,-7.501,-8.791,-41.092,-2.974,-14.408,-25.23,-39.506,-45.901,-21.767,-12.531,-1.831,9.316,0.666,-29.833,-46.461,-57.777,-64.007,-87.51,-60.18,-59.608,-49.841,-53.519,-84.717
"2025-11-28",-0.413,-10.933,-19.609,-28.485,-49.827,-27.169,-42.807,-54.237,-57.386,-50.196,12.9845,9.301,9.139,17.619,-6.523,-23.255,-36.171,-52.768,-86.079,-131.809,-7.66,-13.159,-9.809,-10.324,-51.515,-4.516,-17.537,-23.609,-42.806,-59.332,-14.409,-13.188,-4.064,4.609,-10.862,-28.368,-46.184,-57.112,-63.389,-95.823,-52.925,-57.664,-50.473,-48.727,-87.596
"2025-12-31",9.378,-4.4,-14.606,-24.659,-46.218,-29.69,-41.529,-55.782,-61.029,-61.642,24.106,17.024,15.007,19.573,-6.138,-16.116,-32.994,-52.972,-91.286,-138.424,-7.172,-9.739,-5.723,-6.345,-47.521,2.54,-12.421,-18.755,-35.922,-54.69,-16.595,-16.352,-3.088,4.576,-16.731,-14.522,-40.207,-56.228,-62.717,-97.096,-46.187,-53.001,-50.336,-45.946,-81.679
"2026-01-30",11.041,-3.063,-13.307,-25.221,-35.848,-17.515,-38.3905,-51.257,-54.426,-44.484,24.507,12.608,7.112,10.943,-9.979,-13.284,-31.62,-50.389,-89.625,-133.536,-0.287,-9.069,-8.307,-12.384,-48.765,5.841,-13.143,-22.577,-42.381,-54.178,-9.638,-17.166,-8.64,-3.478,-24.654,-9.255,-39.685,-54.664,-59.594,-88.17,-50.15,-59.416,-53.679,-52.229,-82.951
"2026-02-27",5.24,-5.568,-15.799,-28.079,-42.215,-23.561,-38.605,-53.133,-59.424,-60.652,11.643,5.036,2.573,4.3,-21.058,-21.747,-33.411,-48.202,-80.588,-124.846,-7.071,-10.192,-8.327,-12.648,-50.241,-11.617,-19.407,-22.697,-46.669,-60.566,-15.019,-18.069,-6.404,-0.887,-20.272,-28.377,-44.042,-55.536,-61.987,-97.17,-65.926,-73.574,-60.963,-61.388,-89.313
"2026-03-31",8.661,-11.729,-24.156,-39.454,-58.772,-18.196,-45.024,-63.2905,-67.8525,-65.041,24.94,2.893,-3.399,5.185,-21.437,-18.399,-40.572,-61.731,-83.762,-124.103,1.159,-12.462,-14.264,-15.283,-58.246,2.779,-17.061,-25.654,-50.842,-63.516,-3.227,-19.344,-10.1209,-3.136,-23.621,-38.645,-68.825,-75.213,-81.868,-118.359,-69.163,-82.523,-70.283,-70.692,-94.838
"2026-04-30",2.715,-10.921,-21.299,-33.425,-52.011,-17.6915,-37.474,-54.4025,-61.29,-60.619,12.965,-0.599,-6.434,3.892,-18.094,-15.39,-33.37,-52.838,-82.337,-122.997,-5.277,-11.182,-11.677,-16.573,-62.977,4.617,-10.442,-19.836,-47.914,-63.094,-16.43,-15.722,-8.772,-3.792,-32.606,-34.153,-56.735,-66.964,-77.378,-115.889,-76.984,-78.71,-65.279,-68.781,-89.152
"2026-05-29",5.831,-5.766,-15.656,-23.223,-43.903,-11.849,-31.834,-48.212,-49.955,-51.734,15.082,3.134,-2.821,8.868,-13.051,-14.239,-31.17,-51.176,-74.303,-114.702,0.602,-9.128,-9.233,-9.988,-57.115,3.44,-12.111,-22.516,-45.439,-60.273,-9.296,-18.546,-10.219,-3.486,-26.387,-26.914,-47.343,-59.274,-62.098,-99.009,-61.885,-71.411,-59.717,-59.149,-81.177
"2026-06-30",7.302,-4.846,-17.691,-26.387,-43.728,-15.953,-38.25,-52.717,-54.067,-52.248,17.266,3.649,-3.497,7.64,-13.864,-10.864,-30.51,-55.137,-77.034,-114.645,1.399,-9.801,-11.66,-12.414,-53.508,0.743,-17.1,-24.329,-49.519,-59.823,-14.221,-21.511,-10.62,-0.093,-18.145,-25.245,-47.719,-62.313,-66.009,-104.16,-60.139,-70.6,-63.801,-64.418,-86.463
