"Date","ndr_USD_EUR_1Y_bp","ndr_USD_EUR_2Y_bp","ndr_USD_EUR_5Y_bp","ndr_USD_EUR_10Y_bp","ndr_USD_EUR_20Y_bp","ndr_USD_JPY_1Y_bp","ndr_USD_JPY_2Y_bp","ndr_USD_JPY_5Y_bp","ndr_USD_JPY_10Y_bp","ndr_USD_JPY_20Y_bp","ndr_USD_GBP_1Y_bp","ndr_USD_GBP_2Y_bp","ndr_USD_GBP_5Y_bp","ndr_USD_GBP_10Y_bp","ndr_USD_GBP_20Y_bp","ndr_USD_CHF_1Y_bp","ndr_USD_CHF_2Y_bp","ndr_USD_CHF_5Y_bp","ndr_USD_CHF_10Y_bp","ndr_USD_CHF_20Y_bp","ndr_USD_CAD_1Y_bp","ndr_USD_CAD_2Y_bp","ndr_USD_CAD_5Y_bp","ndr_USD_CAD_10Y_bp","ndr_USD_CAD_20Y_bp","ndr_USD_AUD_1Y_bp","ndr_USD_AUD_2Y_bp","ndr_USD_AUD_5Y_bp","ndr_USD_AUD_10Y_bp","ndr_USD_AUD_20Y_bp","ndr_USD_NZD_1Y_bp","ndr_USD_NZD_2Y_bp","ndr_USD_NZD_5Y_bp","ndr_USD_NZD_10Y_bp","ndr_USD_NZD_20Y_bp","ndr_USD_SEK_1Y_bp","ndr_USD_SEK_2Y_bp","ndr_USD_SEK_5Y_bp","ndr_USD_SEK_10Y_bp","ndr_USD_SEK_20Y_bp","ndr_USD_NOK_1Y_bp","ndr_USD_NOK_2Y_bp","ndr_USD_NOK_5Y_bp","ndr_USD_NOK_10Y_bp","ndr_USD_NOK_20Y_bp"
"2000-01-31",-260.6944,-250.8874,-197.5489,-152.3949,,-647.875,-658.155,-603.995,-528.015,-481.3,7.5311,-3.4208,-28.4349,-86.8645,,,,-393.5565,-351.7968,,,,,,,,,,,,4.5,30.1,69.9,79,,,,,,,,,,,
"2000-02-29",-252.6944,-237.6124,-191.5739,-146.1449,-135.0275,-651.5,-654.5,-587,-502.675,-464.7,-0.5939,-14.7308,-46.0849,-107.6145,-146.0192,-366.4164,-358.5,-367.9565,-335.2968,-312.2967,,-101.5,-103.5,-109.5,,,,,,,27.5,44,46.5,47,,,,,,,,,,,
"2000-03-31",-255.3944,-246.4874,-198.8489,-151.9199,-138.3275,-662,-651.625,-571.612,-496.575,-467.62,-11.4689,-18.0208,-40.6349,-97.4395,-142.6192,-346.1664,-332.25,-321.6315,-282.1218,-260.8967,,-114.5,-105.8,-104.2,,,,,,,,42.5,62.2,64.8,,,,,,,,,,,
"2000-04-28",-247.7444,-240.4124,-195.7739,-158.2199,-135.0275,-679.125,-671.05,-594.45,-511.025,-464.4,-39.4689,-53.8208,-70.9099,-113.3895,-132.6942,-345.0414,-325.8,-323.6565,-297.4468,-267.2467,,-98.8,-91.45,-87.15,,,,,,,12.5,29.2,53.55,65.35,,,,,,,,,,,
"2000-05-31",-246.2944,-221.9874,-195.1989,-177.2449,-165.1275,-722.25,-698,-625.25,-546.85,-502.3,-79.2189,-74.7708,-93.8349,-136.7145,-154.5892,-370.6664,-332.25,-329.4565,-306.3968,-283.6467,,-121.75,-128,-129.6,-125.6,,,,,,-7.5,9.55,19,17.6,,,,,,,,,,,
"2000-06-30",-204.4944,-188.7374,-161.2489,-137.5449,-121.1775,-672.625,-652.625,-581.05,-502.9,-455.1,-61.3439,-60.7708,-61.7599,-93.7645,-113.9192,-346.7914,-311.625,-308.0065,-286.4468,-266.4467,,-112,-111.8,-109.9,,,,,,,13.5,21,38.7,49.1,,,,,,,,,,,
"2000-07-31",-182.0944,-164.0874,-150.4489,-138.7949,-124.6525,-675.25,-656.35,-586.25,-507.1,-446.55,-51.4689,-50.3708,-59.9599,-94.4645,-112.3692,-303.4164,-293.1,-305.4565,-295.8968,-274.8967,,-98.6,-100.5,-104.6,-95.05,,,,,,,19.15,27.75,32.9,,,,,,,,,,,
"2000-08-31",-152.7944,-136.3874,-119.9489,-106.4449,-99.1275,-646.125,-616.525,-541.65,-458.45,-403.45,-32.4689,-30.5458,-36.4849,-65.1895,-85.0192,-300.4164,-287.65,-297.1065,-282.7468,-266.0467,,-98.4,-99.15,-95.95,-88.45,-28,-31.4,-28.4,-37.45,-37.95,16.5,27.1,33.6,37.3,,,,,,,,,,,
"2000-09-29",-151.25,-135.4874,-115.9989,-104.9949,-98.8775,-629,-604.5,-537.55,-464.6,-409.3,-40.2189,-33.2708,-40.1349,-74.0895,-95.2442,-308.1664,-286.5,-287.7565,-275.1468,-261.6467,,-90.5,-83.3,-85.6,-82.8,-24.5,-21.25,-24.3,-31.1,-37.05,15,36.5,41.7,40.9,,,,,,,,,,,
"2000-10-31",-135,-122.7124,-113.0489,-98.8449,-86.7275,-619.75,-598.85,-541.5,-462.2,-395,-38.5939,-29.1208,-41.3349,-80.6895,-112.5692,-306.9164,-284.475,-289.9565,-273.2468,-258.8467,,-74.85,-70,-72.7,-78.8,-33,-25.85,-27,-27.95,-25,,34.65,46.5,51.8,,,,,,,,,,,
"2000-11-30",-137,-127.9374,-116.2239,-98.3699,-83.3525,-599.25,-586.2,-540.15,-469.9,-411.15,-41.4689,-43.9708,-56.9849,-99.3895,-130.7192,-282.4164,-275.95,-280.8565,-266.9468,-254.7467,,-72.7,-77.4,-81.9,-72.2,-43,-40.2,-39.4,-43.65,-48.4,35.5,46.8,44.45,38.1,,,,,,,,,,,
"2000-12-29",-119.5,-111.4374,-91.0739,-58.3199,-42.0775,-547.75,-532.075,-490.5,-420.05,-362.75,-13.9689,-9.9708,-8.8349,-44.5395,-76.0692,-260.1664,-248.45,-254.4565,-234.8468,-219.8467,,-51.7,-46.75,-38.3,-39.75,-35,-30.2,-23.5,-17.05,-30,67,73.95,68,66.15,,,,,,,,,,,
"2001-01-31",-54.5,-55.9124,-63.7239,-52.3699,-41.9275,-471.5,-471.55,-458.65,-409.8,-368.55,40.5311,43.4292,17.2651,-35.7895,-72.6192,-188.6664,-190.55,-230.1065,-224.8468,-213.8967,,-26.05,-28.65,-20.55,-15.35,-2.5,-3.3,-24.4,-22.3,-33.3,85,80.65,78.6,76.95,,,,,,,,,,,
"2001-02-28",-33.25,-42.5874,-59.1489,-47.3949,-40.5775,-471.25,-480.1,-473.6,-424.85,-386.85,53.0311,49.6292,15.8151,-30.0895,-61.4192,-167.6664,-173.1,-218.3065,-215.8968,-204.4467,-12,-16.6,-27.35,-22.85,-13.05,4,4.9,-6.6,-15.85,-30.1,,115.3,94.85,86.15,,,,,,,,,,,
"2001-03-30",-23.25,-43.6874,-67.2989,-61.8949,-56.0275,-444.5,-461.325,-469,-431.8,-391.8,64.2811,46.0292,-4.5849,-49.0395,-72.8692,-158.9164,-178.45,-229.9565,-236.3468,-226.6467,0.5,-12.95,-16.25,-16.8,-15.05,6.5,8.8,-14.5,-14.8,-33.8,125,119.6,88.3,78.15,,,,,,,,,,,
"2001-04-30",39.125,-1.6624,-48.6989,-65.1449,-63.0775,-433.625,-471.25,-497.2,-456.45,-407.825,85.7811,58.1792,1.4651,-48.4395,-77.0192,-115.9164,-156.55,-228.4065,-242.9968,-232.7967,13,1.2,-11.2,-13.7,-21.9,31.5,19.2,1.8,-4.45,-19.45,,121.6,105.1,101.3,,,,,,,,,,,
"2001-05-31",30.75,-16.2874,-59.9489,-59.5949,-55.4275,-407.3,-461.225,-512.85,-474.75,-426.4,117.1561,82.1792,5.3401,-48.4395,-75.2192,-91.6664,-144.55,-231.7815,-246.1218,-235.2467,36.5,18.95,-3.7,-19.95,-28.85,77,56.45,21.3,13.8,1.6,175.5,160.5,128.4,108.6,,,,,,,,,,,
"2001-06-29",22.8125,-35.75,-85.8489,-75.9949,-67.1775,-405.75,-467.725,-533.3,-494,-438.1,157.4061,114.2292,17.8651,-47.9895,-78.5442,-97.1664,-156.5,-253.5065,-269.7968,-257.4467,43.5,22,-10.3,-22.75,-29.6,96,70.5,28.2,8.75,-2.6,179.5,169.4,113.95,100.4,,,,,,,,,,,
"2001-07-31",46.75,2.55,-52.9989,-52.9949,-48.7275,-368.85,-411.95,-476.6,-435.45,-382.85,156.7811,128.8292,37.5151,-31.9895,-68.9192,-76.6664,-119.2,-210.6065,-229.0468,-222.1967,38.5,37.8,6.1,-3,-5.35,138,129.047,79.1,55.997,37.9,,208.55,162.05,140.9,,,,,,,,,,,
"2001-08-31",34,-5.15,-52.1989,-44.1449,-38.4525,-358.475,-396.675,-450.6,-406.675,-357.65,137.7811,119.5542,40.8401,-23.4145,-65.2442,-85.1664,-123.15,-204.1315,-208.8218,-201.9967,6.25,9.1,-8.8,-5.4,-10.4,97.15,80.4,31.7,20.35,2.1,222.5,202.85,151.25,134.3,,,54.475,7.95,-5.025,,,295.726,175.4812,127.7045,
"2001-09-28",86.5,33.9,-7.2989,-6.4449,-13.6025,-256.25,-320.55,-392.95,-365,-337.55,186.0311,157.2292,82.7651,18.0605,-34.5192,-37.1664,-80.1,-154.2065,-173.0968,-186.3967,36,14.15,12,26.2,14.2,153.5,112.4,65.5,60.2,26.95,256.5,225.4,183.65,178.8,,134.25,101.15,69.75,52.95,,424,319.4,203.6562,152.8045,
"2001-10-31",93.75,51.55,-9.8989,-16.6449,-28.6025,-219.125,-264.4,-361.7,-340.85,-308.65,187.5311,175.5292,85.5651,12.1605,-36.4192,-40.6664,-70.2,-157.6565,-177.4468,-188.9967,4,0.3,-6.2,9.1,13.1,168.6,137.8,66.3,51.725,18.6,253,238.8,171.6,167,,164.5,138.55,76.55,43.85,,450.001,354.051,202.7062,139.4545,
"2001-11-30",89.125,28.05,-41.0989,-53.0699,-66.6525,-220.3,-311.625,-419.65,-402.75,-365.2,181.7811,144.4542,45.8651,-34.2895,-88.2692,-31.1664,-83.7,-180.0065,-204.8468,-218.0467,-4.5,-20.7,-24.05,-14.3,-21.2,183,128.7,56.7,39.7,6.3,257.75,216.55,159.8,148.95,,174,116.55,42.45,3.45,,425.5,313.8,156.3572,99.0545,
"2001-12-31",92.75,33.7,-38.6489,-52.1949,-65.1775,-230,-332.8,-447.35,-429,-380.85,205.5311,165.6792,45.8151,-34.4895,-84.6692,-33.9164,-83.05,-180.0565,-208.0468,-210.9467,-31.5,-38.3,-36.1,-27,-22.6,182.75,134.2,56.4,43.5,18.147,261.5,227.2,165.85,151.5,,171,114.7,38.651,-3,,378,277.701,143.5562,98.1045,
"2002-01-31",133.375,56,-27.4239,-57.3449,-74.8525,-220.25,-334.75,-431.975,-413.1,-366.3,221.7811,159.4792,32.9151,-54.1895,-101.4692,-21.4164,-81.25,-174.7065,-204.9968,-211.9967,14.5,-14.5,-20.75,-20.2,-18.65,226.4,164.75,82.5,51.55,30.847,308.875,257.375,182.375,141.675,,213,139.25,45.25,-6.45,,444.5,332.5,173.1562,104.4045,
"2002-02-28",119,63.7,-4.9239,-32.2449,-50.4025,-230.5,-321.9,-408.75,-394.7,-360.45,204.5311,159.6792,55.6651,-27.3145,-73.6442,-28.4164,-73.05,-158.2065,-183.4968,-194.7967,13.5,1.7,-7.5,-9.6,-9,222,181.325,108,78.8,40.8,304,274.95,203.5,159.1,,220.931,167.45,77,21.55,,459,366.7,204.6562,132.4045,
"2002-03-29",100.127,45.125,-30.0489,-56.7449,-68.5775,-289.95,-392.95,-478.2,-452.4,-407.5,185.7811,132,22.4151,-55.4895,-91.3192,-78.5,-128,-207.7065,-231.2968,-237.0967,40.5,26.5,-4.25,-21,-17.25,225.15,157.45,74.75,49.25,35.497,333.5,257.5,174.9,129.6,,192.5,126.5,41.25,-7.75,,405,295.5,143.9062,95.3545,
"2002-04-30",121.1885,64.3,2.8761,-24.8449,-41.7275,-248,-346.075,-435.1,-414.8,-377.4,209.5311,142.55,61.3151,-19.5395,-59.4692,-56.25,-101.2,-184.3065,-205.5968,-216.7467,72,48.05,18.675,6.7,-0.4,250,184.05,97.9,71.95,46.1,383.2,308.8,213.3,160.7,,237.25,170.55,79.4,28.2,,472,367.55,211.0572,141.8055,
"2002-05-31",139.25,84,23.6761,-12.3949,-37.8275,-251.75,-340.7,-420.75,-406.7,-376.5,221.7811,168.375,74.4151,-7.4895,-54.3192,-77,-112,-178.2065,-202.2968,-215.3467,81.75,56.5,20.5,7,-8.7,300,229.25,141.5,95.025,63,392.35,321,224.8,171,,238.43,174.75,90.5,33,,499.75,391.5,246.2322,158.3545,
"2002-06-28",145.75,91,19.3611,-13.1949,-50.8275,-218.25,-305.75,-403.5,-396.05,-369.75,234.5311,192.5,81.1651,-6.5395,-63.8192,-58.25,-94.5,-168.7065,-194.5968,-214.3467,101.25,71.25,30.5,17.2,1,307.5,241.7,143.275,96.2,51.9,401.25,340,235,185.4,,262.34,193.25,93.75,36.45,,515,417.5,241.1562,152.3045,
"2002-07-31",148.25,88.88,40.1011,-5.4949,-44.7275,-189.295,-252,-360.5,-368.55,-347.2,216.5311,195,98.6651,6.1605,-50.2192,-94.25,-104.5,-153.2065,-180.8968,-209.7467,102.75,71.5,40.5,29.9,10.8,308.75,268,175,116.15,64.125,409.75,360.5,257,192.4,,268.75,220.75,112.25,45.651,,553,460,268.6562,161.0045,
"2002-08-30",148.81,116.1,59.4261,15.6301,-17.5025,-182.6,-233.5,-325.1,-342.6,-320.3,215.2811,198.05,119.0151,21.9105,-36.0192,-95.25,-93,-124.7065,-152.4968,-170.0967,130.75,108.7,74,49.95,30.5,,,,,,408.05,372.05,286.95,218.55,,274.808,240.3,146.8,70.55,20,538.15,456.8,289.1562,176.1045,98.5856
"2002-09-30",137.65,110.65,67.3611,32.0051,-2.2275,-153.3,-192.8,-278.9,-299.5,-288,220.3811,195,128.0151,42.9105,-19.1192,-87.25,-81.5,-116.4565,-147.7468,-177.8467,131.75,118.2,93,74.7,49.5,,,,,,416,389.05,308.05,233.95,,278.922,246.4,165.8,96.59,36.5,536.15,469.3,312.6562,200.6045,119.5856
"2002-10-31",146.935,117.9,70.4261,28.0051,-12.2275,-146.9,-191.15,-295.45,-338,-333.2,230.5311,212,130.6901,36.4105,-31.0692,-77.65,-83.5,-130.8565,-169.2968,-195.2967,126.45,117.5,87.95,68.2,38.45,,,,,,424.625,388.375,303.175,225.125,183.35,272.788,241.4,165.2,92.11,39.25,527.65,469.401,317.5062,206.4045,115.7356
"2002-11-29",130.25,79.9,27.3561,-0.9699,-29.5525,-157.1,-227.85,-335,-365.5,-351.2,251.2811,211.15,107.1151,14.6605,-39.4692,-78.1,-111.5,-174.8565,-202.6468,-214.7467,128.95,94.5,57.7,43.5,21,,,,,,422.25,361.6,273.9,214.7,,250.137,200.4,122.7,58.9,15.3,518.15,428.5,265.2562,167.7055,95.7866
"2002-12-31",128.75,96.75,49.6211,19.8551,-14.1275,-125.8,-170.8,-275.7,-321.375,-320.775,251.7811,227,137.4151,44.0105,-15.6192,-74.5,-89.5,-144.4565,-180.5468,-201.1467,142.25,119.5,79.75,59.75,30.45,,,,,,447,413.3,310.8,227.5,,246.75,215,138.275,77.45,21.5,460.25,434.425,286.9562,186.4045,101.4856
"2003-01-31",120.13,77.7,11.9011,-12.8449,-39.8525,-129.37,-181.35,-301.6,-349.05,-351.55,248.24,197.7,76.48,-21.97,-41.4192,-74.62,-97.05,-170.4565,-193.4968,-198.6467,183.13,157.9,96.2,66.8,40.2,,,,,,418.13,378.5,267.2,195.4,,245.955,198.575,103.415,43.385,-3.5,415.13,403.2,216.9062,128.6545,54.9856
"2003-02-28",98.55,68.2,15.1011,-1.4949,-23.7525,-124.65,-161.75,-271,-324.65,-333.825,212.83,177.95,63.44,-37.96,-21.1192,-85,-95.8,-155.3065,-169.2968,-185.2467,196.5,176.7,121.6,90.4,58.35,,,,,,413,381.3,280.6,202.6,,227.05,197.5,120.15,67.55,22.35,388.5,409.5,224.2812,137.1045,61.8356
"2003-03-31",113.125,82.925,26.3511,-2.4449,-21.6775,-113.45,-160.2,-282.9,-348.95,-364.562,226.25,190.25,73.01,-30.99,-23.8192,-83.75,-87.5,-145.4565,-170.7968,-182.0967,228.25,205.5,132.5,92,56.5,,,,,,426.25,390.8,286.8,207.9,,239.75,210.75,127.45,69.901,24.5,403.75,403.5,243.6562,141.1045,69.2856
"2003-04-30",108.72,85,29.2011,3.8801,-13.7275,-115.33,-154.95,-282.4,-353.65,-375,221.97,208.25,77.14,-24.61,-11.5692,-81.78,-79.25,-133.9565,-152.2968,-155.8467,218.97,196,119,79,50,326.97,289,180.5,121.5,62,398.72,370.75,269.55,199.75,,238.72,215,131.25,75.75,37,361.47,393,224.4072,133.8545,62.2856
"2003-05-30",91.25,76.3,40.9011,14.2551,-6.5275,-108.875,-135.575,-236.475,-312.425,-338.85,231,210.55,113.24,5.29,1.0808,-82.65,-74.2,-110.3065,-134.0968,-141.1967,192.35,170.65,118.9,77.95,43.4,330.25,305.7,204.4,127.4,53.15,382.25,364.6,285.4,198.1,,202,188.05,132.15,73.45,33.4,317.25,389.3,210.0562,125.8045,55.1856
"2003-06-30",87.75,73.35,33.6261,6.5551,-9.4775,-97.4,-127.3,-227.2,-297.55,-326.325,232.75,214,109.08,0.98,-3.0192,-75.15,-76,-110.6065,-132.0468,-141.2967,173.75,149,102.05,73.5,43.05,323.75,306,208.35,142,66.05,385.5,365.25,269.6,185,,182.25,156.5,111.6,70,8.3,228.25,278.5,186.0062,115.6045,39.8356
"2003-07-31",80.49,59.65,-23.6989,-68.0949,-83.5775,-121.61,-185.1,-336.05,-398.55,-406.375,228.49,175,37.49,-77.26,-82.5692,-87.91,-108.25,-188.4565,-221.5468,-221.3467,139.99,102,42,12,-15.3,326.29,276.9,137.5,70.5,12.2,374.19,330.85,207.7,122.45,,160.99,136.5,43.75,-17,-42.75,214.74,224.25,105.6562,30.1045,-36.7144
"2003-08-29",90.5,38.25,-31.3989,-66.5449,-75.5775,-120.5,-190.45,-303.9,-339.45,-341.5,257.5,213.75,61.58,-35.17,-69.3192,-93,-121,-185.4565,-206.0468,-197.3467,144.25,92.35,30.7,10.4,-6.9,354.25,283.5,141.5,75.65,33.8,391.25,341.35,221.45,147.35,,188.75,150.25,57,-0.5,-30.25,187,165.3104,94.6562,36.1045,-20.4644
"2003-09-30",87.25,67.1,9.4011,-23.7449,-35.8775,-105.75,-140,-237.25,-281.85,-285.75,272.5,250.5,122.29,14.44,-25.3192,-81,-78,-127.2065,-156.8968,-167.5967,131.25,114.1,57.45,32.65,13,367.25,328.23,206,106.8,47.5,413.25,388.8,272.8,184.9,,180,166.25,97.5,43.65,5.251,178.25,180.3104,126.9062,57.2545,-4.7144
"2003-10-31",92.25,67.7,6.4261,-29.8699,-44.5775,-129.3,-184.85,-280.95,-313.3,-309.875,300.75,267.2,149.69,49.14,-26.0692,-92.75,-109.55,-159.8065,-181.1968,-184.3467,120,95.55,48.45,25.65,3.4,389.25,345.4,213.4,125.4,71.8,414.75,394.3,281.2,194.3,,179.75,164.7,102.4,49.35,14.5,166.25,165.2,103.5562,42.7045,-17.2144
"2003-11-28",89.65,63.7,14.3511,-16.3949,-36.6275,-147.6,-208.15,-300.35,-328.7,-329.875,295.9,259.95,142.53,51.03,-21.4192,-92.6,-111.55,-154.2065,-171.7968,-179.8467,112.65,83.2,41.25,24.5,2.6,413.9,358.79,237,157.25,97.75,422.45,389.35,280.55,202.5,,167.417,147.139,98.5,54.75,23.375,156.9,146.2,94.6572,50.8545,-8.7144
"2003-12-31",83.45,58,0.0011,-26.3449,-42.2775,-132.15,-189.75,-290.75,-317.7,-316.875,294.7,254.4792,127.35,32.85,-35.5692,-86.3,-102.25,-164.2065,-182.2968,-194.3467,106.2,78.75,30,13.25,-3.8,408.6,351.95,218,131.15,71.3,431.65,389.65,259.8,175.55,,160.95,138.5,80,41.25,4,110.2,85.5604,61.4062,28.1045,-24.1144
"2004-01-30",80.5,51.7,5.4261,-17.1449,-29.0775,-135.1,-198.75,-293.25,-316.8,-312.3,305.95,263.4792,154.18,59.43,-14.9692,-96.5,-120,-164.1565,-175.1468,-181.4967,79.95,45,17.75,11.75,2.6,410.7,360.5,244,158,100.15,437.35,391.95,279.25,192.95,,145.95,120.292,79.046,47.75,13.85,93.95,75.8104,58.6562,29.1045,-23.1144
"2004-02-27",66.9,42.3,-1.9989,-20.5949,-30.5275,-125.7,-178.25,-277.85,-308.85,-306.7,312.6,271.8292,153.86,53.81,-12.3942,-93.9,-115,-163.1565,-174.1968,-181.1967,70.6,43.45,18.6,11.25,0.7,418.2,363.65,245.4,151.8,90.85,436.2,394.75,280.75,191.35,,135.725,113.887,70.566,38.33,12,57.1,37.0604,12.2562,-8.0955,-55.6144
"2004-03-31",60.2,63.8,3.3511,-14.9449,-28.2775,-120.5,-162.25,-238.35,-268.55,-275.6,328.8,298.3792,193.67,89.47,-4.1192,-89.2,-103.1,-145.4565,-162.7468,-173.9467,61.05,48.15,30.75,20.8,10.95,403.95,351,243.75,153.2,89.7,423.3,383.25,281.9,192.15,,101.55,84.15,57,32.55,2.7,68.8,68.7104,57.9062,31.9045,-14.0144
"2004-04-30",40.65,-6.2374,-56.2989,-69.6449,-71.8275,-168.85,-242.687,-327.65,-337.1,-322.15,297.34,237.2792,121.46,32.46,-41.8692,-111.85,-143.8,-208.0565,-224.2968,-220.9967,30.15,-0.3,-21.1,-20.5,-22.1,380.15,300.26,194.75,121.7,73.15,417.9,349.35,235.45,161.95,,73.9,45.2,17.5,-4.45,-24.9,50.9,32.2604,26.4062,16.3555,-5.4144
"2004-05-31",23.75,-13.4874,-55.9989,-66.3949,-67.9275,-199.45,-267.925,-350.2,-352.9,-333.8,300.34,246.7292,138.32,56.02,-35.0192,-128.65,-160,-212.5565,-225.0468,-217.1467,33,12.7,-11.55,-18.7,-16,339.6,267.805,157,105.15,61,398.6,335.3,221.4,153.8,,49.25,27.65,3.5,-9.95,-31.3,27.1,8.5604,4.1562,-6.6455,-25.1144
"2004-06-30",1.45,-18.95,-49.55,-60.7,-69.05,-223.1,-278.75,-327.7,-314.75,-295.575,279.9,222.7792,134.48,59.43,-36.6192,-125.62,-145.3,-194.7565,-206.2968,-206.7967,25.5,17.7,7.1,-2.85,-7.8,311.2,249.7,160.85,102.2,55.4,404,338.4,236.9,165.15,,30.6,22.15,13.2,-2.2,-27.35,1,-4.2396,-2.2438,-15.2455,-37.8144
"2004-07-30",-1.85,-29.3874,-54.3489,-64.9199,-72.1775,-223.05,-272.55,-313.6,-300.7,-279.55,287.9,235.0292,161.12,85.82,-23.0692,-134.55,-156.5,-193.6565,-206.2468,-205.9967,23.95,16.2,9.55,0.65,-4.85,314.2,255.8,176.05,114.1,61.6,412.2,355.7,256.75,187.25,,26.05,12.15,8.9,-4.55,-25.45,-2.8,-20.3396,-10.5438,-23.5955,-45.9144
"2004-08-31",-0.3,-11,-28.5,-38.7,-56.2775,-215.35,-251.05,-293.8,-292.8,-278.8,283.4,243.2292,167.1,89.3,-7.5692,-139.65,-150.6,-178.2565,-185.1468,-197.1467,36.1,26.05,25,17.15,4.85,316.65,272.7,196.1,127.875,63.35,431.65,382.4,284.1,208.2,,39.8,41.65,39,17.9,-9.2,-3.2,-5.6396,8.3562,-0.7705,-28.9134
"2004-09-30",-10.9,-22.175,-37.1,-42.85,-57.1525,-236.6,-271.15,-306.5,-298.8,-283.5,253.3,214.9292,153.55,81.75,-10.7192,-149.775,-158,-184.7565,-191.3468,-199.7467,37.2,28.8,28.75,20,9.65,291.2,254.25,181,126.3,65.35,430.2,380.1,284.4,208,,25.1,26.45,26.55,11.051,-12.8,-25.3,-26.6396,2.1562,-1.3955,-28.3134
"2004-10-29",-23.5,-33.25,-41.65,-45.45,-54.5275,-242.4,-267.85,-298.2,-290.35,-271.8,239.9,207.7542,151.62,80.47,-6.0442,-163.02,-171.1,-190.4565,-190.9968,-198.1967,36.8,32.15,26.7,16.8,6.35,281.55,251.925,184.7,126.525,69,410.675,358.15,282.95,205.15,,8.05,14.4,22.75,13.95,-10.5,-31.2,-21.4,-5.1438,-3.5455,-35.5644
"2004-11-30",-69.3,-85.15,-94.45,-91.45,-93.75,-287.3,-319.75,-339.95,-320.75,-299.2,185.7,146.4042,93.695,31.22,-43.6442,-195.55,-212.75,-237.4065,-237.0968,-240.2717,-28.3,-39.9,-30.55,-17.65,-14.75,223.9,184.01,125.6,80.7,33.15,357,312.55,239.55,177.7,,-46.3,-54.25,-39.7,-37.8,-55.9,-77.3,-72,-64.7938,-53.6955,-75.6644
"2004-12-31",-74.7,-95.4,-87.9,-90.5,-92,-298.75,-324.25,-334.3,-312.6,-287.75,178,143.5792,106.31,48.31,-36.5692,-211.55,-212.8,-218.7565,-219.7468,-215.4467,-43.35,-40.25,-26,-17.3,-12.65,225.2,195,152.75,107.6,60.75,357.25,316.35,254.4,195.825,,-67.8,-68.4,-42.7,-40.6,-53.75,-78.3,-66.3,-42.9438,-33.5955,-49.2144
"2005-01-31",-99,-109.15,-103.1,-91.5,-88.2,-317.4,-342.8,-344.1,-307.45,-269.825,163.9,130.9792,105.92,65.17,-7.3692,-233.1,-235.8,-234.0565,-217.8968,-209.9967,-59.7,-65.45,-40,-13,0.25,225.55,195.55,155.5,121.75,91.875,353.4,308.1,256.65,216.275,,-96.85,-100.1,-71.7,-53.95,-56.5,-101.7,-87.2,-66.8438,-45.8455,-53.1644
"2005-02-28",-122,-131.93,-118.1,-99.45,-92.45,-346.15,-373.85,-365.85,-319.95,-277.55,157,120.6292,99.17,64.82,-19.7692,-254.7,-260.3,-254.2565,-230.3468,-218.0967,-77.6,-91.35,-66.5,-32.15,-11.9,224.8,188.5,146.6,121.05,94,334.975,295.625,237.925,199,,-126.05,-131.5,-95.3,-72.15,-74.5,-117.5,-103.1,-79.4938,-59.9955,-66.6644
"2005-03-31",-147.3,-158.15,-148.5,-124.55,-110.6,-372.4,-399.75,-398.95,-351.9,-303.9,124.8,89.2292,70.6,41.7,-32.7192,-287.1,-292.4,-283.2065,-254.2968,-231.9967,-80.8,-90.75,-70.8,-42.65,-24.03,209.35,167.7,133,102.95,81.6,328.975,280.475,226.5,191,,-151.1,-155.5,-119.1,-95.4,-93.65,-124.3,-116.4,-87.2438,-64.2955,-62.8144
"2005-04-29",-154.645,-165.185,-144.45,-113.6,-96.75,-365.45,-387.05,-381.95,-334.65,-285.85,119.4,89.5292,76.48,49.68,-18.6192,-289.6,-292.45,-275.9565,-244.2468,-223.2967,-93.1,-93,-67,-31.5,-12.91,190.15,157.8,125.75,111,85.65,320.275,272.675,222.75,189.4,,-156.85,-163.75,-126.2,-99.3,-103.85,-117.35,-102.3,-75.0438,-54.0955,-50.4644
"2005-05-31",-164.76,-167.4,-138.6,-104.4,-86.6,-369,-377.9,-361.2,-308.2,-258.762,95.7,69.5302,64.24,41.74,-9.0682,-293,-283.15,-260.6565,-226.8468,-201.9967,-103.025,-98.425,-68.075,-29.575,-9.675,176.6,153.95,133.6,111.05,85.8,310.85,273.45,229.7,201.55,,-169.3,-166.375,-122.6,-89,-88.45,-115.5,-91.1,-65.4438,-40.2955,-44.8144
"2005-06-30",-185.25,-184.3,-151.5,-112.95,-90.75,-383,-384.45,-365.15,-310.25,-258.05,55.75,42.3392,23,26.37,-16.3642,-315.05,-301.55,-260.9565,-218.6868,-197.5867,-116.725,-112.325,-83.125,-41.775,-15.375,158.45,143.275,132.125,110.175,88.625,300.6,268.55,223.1,198.55,,-212.25,-203.15,-150.65,-108.9,-103.75,-138.6,-120.4,-81.5438,-44.5455,-43.8644
"2005-07-29",-200.1375,-201.2,-178.25,-139.45,-114.85,-411.95,-419.05,-394.15,-334.325,-276.375,24.95,13,-5.35,-10.9,-33.3192,-340.25,-336.05,-300.2565,-260.9468,-237.5467,-123.375,-125.475,-103.55,-66.7,-37,131.925,111.525,89.075,84.575,67.925,268.175,224.075,182.875,166.675,,-235.45,-223.9,-178.2,-140.1,-128.2,-153.3,-134.9,-110.0938,-75.5455,-69.3144
"2005-08-31",-191.875,-186.81,-160.925,-126.55,-104.825,-400.35,-396.7,-362.375,-303.425,-248.35,32.8,25.175,8.925,-0.6,-24.2942,-319.2,-299.2,-272.7315,-238.2468,-215.0467,-116.95,-110.45,-86.4,-53.95,-26.3,129.55,114.05,108.6,89,68.4,282.2,250.75,206.35,182.6,,-212.3,-192.45,-148.65,-117.375,-110.22,-135.85,-101.45,-81.6188,-55.8205,-52.9644
"2005-09-30",-215.79,-206.94,-183,-154.65,-134.9,-433.55,-424.8,-378.4,-322.6,-273.925,1.75,-3.85,-16,-21.15,-47.5692,-342.8,-324.5,-299.0565,-271.1968,-251.6467,-115.75,-114.1,-94.3,-69.25,-45.85,114.2,108.3,100.1,97.6,78.5,273.15,247.95,203.35,178.9,,-240,-215.4,-171.7,-146.55,-143,-164.9,-137.6,-106.9438,-82.9455,-79.7144
"2005-10-31",-215.1325,-204.355,-183.35,-158.85,-142.3,-453.125,-443.35,-397.65,-339.1,-290.2,-5.95,-11.95,-29.65,-41.75,-72.3192,-345.6,-316.8,-299.5065,-278.1468,-258.0967,-113.925,-108.775,-93.975,-74.625,-54.775,91.6,86.65,80.85,77.2,58.25,265.475,240.075,197.2,166.575,,-256.25,-228.8,-179.625,-149.9,-139,-167.1,-130.7,-95.9938,-80.6955,-80.9644
"2005-11-30",-203.85,-191.465,-172.7,-150.9,-133.7,-464.275,-449.95,-403.45,-345.3,-292.337,-12.55,-11.95,-30.85,-48.95,-81.4692,-333.7,-307.35,-290.3065,-270.1968,-253.4967,-98.65,-94.17,-87.45,-77,-62.89,75.725,77.325,79.95,75.425,57.05,272.575,251.075,213.875,177.425,,-246.8,-210.1,-164.25,-138.3,-137.15,-167.3,-131.3,-87.9438,-71.1455,-75.1144
"2005-12-30",-200.4,-184.95,-168.3625,-152.0625,-135.4375,-464.95,-446.45,-390.1,-328.45,-276.825,-26.575,-26.575,-37.825,-51.25,-79.1442,-344,-311.575,-286.7815,-266.0718,-249.0467,-83.45,-81.5,-77.95,-70.05,-57.55,73.45,72.9,71.8,68.9,53.8,256.6,223.3,181,158.6,,-230.65,-193.2,-147.675,-137.475,-139.2,-169.35,-127.95,-100.5438,-85.7955,-85.9144
"2006-01-31",-204.14,-181.225,-159.2,-141.25,-125.25,-475.1,-451.9,-391.55,-330.55,-278.275,-25.65,-18.95,-34.05,-53.95,-90.0692,-353.1,-316.6,-287.0065,-264.1968,-251.4967,-95.3,-88.85,-70.54,-55.2,-43.2,60.6,65,69.05,70,55.85,236.725,202.975,176.325,160.725,,-232.3,-192.1,-145.45,-129.05,-129.9,-192.5,-147.9,-113.2938,-91.8455,-88.8644
"2006-02-28",-211.515,-189.405,-166.79,-144.375,-123.125,-481,-445.5,-376.705,-320.925,-270.5,-49.15,-35.05,-44.35,-56.7,-85.3192,-351.1,-316.5,-294.9065,-267.8468,-242.0967,-97.7,-92.1,-76.48,-62.5,-45.75,41.8,45.15,56.45,57.95,48.75,215.575,183.025,155.875,147.775,,-257.5,-220.575,-166.45,-140.6,-138.7,-204.6,-162.9,-129.0938,-102.1955,-94.3644
"2006-03-31",-201.79,-177.55,-155.92,-142.83,-130.84,-486.68,-443.55,-375.31,-331.77,-294.225,-57.035,-39.9,-51.74,-69,-102.1692,-357.9,-322.8,-293.6565,-269.0968,-250.9467,-104.6,-101.8,-91.7,-81.5,-72.6,31.5,35.6,43,40.6,26.15,186.475,147.425,114.025,101.425,,-251,-210.1,-158.35,-139.75,-144.05,-199.7,-162.4396,-114.7438,-100.8955,-101.3644
"2006-04-28",-200.31,-173.79,-152.55,-143.9,-136,-489.65,-449.9,-380.9,-336.9,-301.325,-50.1,-29.95,-40.15,-62.55,-101.5192,-350.3,-311.3,-283.3065,-264.1468,-246.1467,-96.25,-90.5,-78.55,-74.45,-69.17,58.125,65.5,62.6,53,31.1,190.975,158.475,118.425,92.975,,-246.65,-203.45,-152.05,-136.47,-139,-192.7,-159.4396,-114.3938,-97.6955,-103.3144
"2006-05-31",-211.07,-188.83,-168.05,-152.75,-137.8325,-490.4,-459.55,-404.7,-362.45,-325.55,-52,-39.7,-52.25,-74.1,-111.0192,-359.6,-323.85,-296.9065,-276.3468,-256.9967,-105.1,-101.05,-90.55,-81.05,-77.4,53.45,60.15,54.9,48.38,29.75,190.425,163.875,127.975,102.375,,-251.095,-212.65,-164.65,-145.35,-145.7,-190.15,-158.2396,-116.9938,-103.2955,-104.9644
"2006-06-30",-213.58,-186.58,-163.38,-147.84,-133.79,-503,-468.9,-405.75,-358.1,-317,-66.65,-46.85,-54.24,-71.04,-103.9192,-366.6,-326.75,-295.5565,-268.8968,-249.2467,-94.15,-91,-78.05,-66.5,-59.05,38.925,44.1,51.75,44.35,22.4,170.1,144.25,114.2,90.55,,-248.75,-201.625,-152.049,-133.45,-131.2,-202.5,-161.1896,-111.6438,-95.3455,-93.5144
"2006-07-31",-197.39,-170.21,-152.558,-140.837,-127.6145,-485.8,-445.7,-385.35,-341.1,-301.275,-55.25,-27.9,-39.15,-60.5,-95.7192,-351.9,-308.5,-280.5065,-262.0468,-246.9967,-108.15,-100.99,-88.13,-78.245,-70.78,72.3,85,88.5,69.75,45.1,188.225,174.675,144.675,112.825,,-232.85,-184.825,-141.875,-131.2,-134.45,-175.45,-130.9396,-90.0438,-80.1955,-81.7644
"2006-08-31",-173.5,-149.0625,-140.684,-132.54,-122.99,-483.125,-446.7,-394.8,-347.25,-302.15,-13.5,4.7,-14.425,-40.7,-72.0192,-332.375,-293.175,-272.7565,-259.0468,-248.6217,-108.875,-98.7,-91.27,-80.09,-69.06,82.75,96.6,94.825,78.63,55.85,212.25,204.45,165.7,129.5,,-197.25,-154.675,-125.175,-116.75,-121.9,-152.85,-110.2396,-78.3938,-70.1455,-73.8644
"2006-09-29",-156.35,-133.25,-127.25,-124.15,-120.7,-473.15,-435.85,-382.5,-334.4,-287.6,-8.75,14.2,-3.1,-28.3,-69.1292,-318.6,-280.6,-266.6565,-256.3468,-249.5967,-108.4,-101,-90.7,-77.99,-66.94,86.7,103.1,94.85,79.3,49.35,222.125,216.775,176.775,137.975,,-181.8,-139.85,-116.5,-112.3,-126.9,-131.3,-95.0396,-72.3438,-67.3955,-74.8644
"2006-10-31",-144.4,-121.56,-118.415,-120.274,-121.649,-463.475,-422.235,-369.095,-324.38,-281.6,4.9,32.24,6.43,-27.83,-75.4192,-315.2,-276.86,-263.9265,-255.3768,-251.1467,-106.85,-91.785,-82.4325,-72.9175,-63.2,110.7,127.24,120.48,93.12,65.4,229.025,231.315,194.155,147.145,,-171.6,-131.51,-106.27,-105.58,-120.55,-116.8,-75.7996,-51.2138,-52.6255,-60.7644
"2006-11-30",-135.0575,-111.43,-103.483,-105.079,-106.029,-449.55,-403.955,-353.68,-313.65,-274.925,20.125,42.02,24.955,-8.155,-55.4742,-296.5,-257.73,-252.3865,-246.3468,-245.2467,-104.2,-92.71,-80.65,-69.3,-58.1,116.05,134.57,131.37,106.75,75.4,240.95,244.57,213.47,167.125,,-154.6,-113.98,-90.98,-93.8,-113.8,-85.8,-42.4196,-25.8738,-34.0455,-52.1154
"2006-12-29",-129.38,-107.6,-99.199,-101.429,-102.964,-460.6,-426.6,-375.15,-339.55,-302,14.1,38.95,23.14,-11.3,-59.0192,-290.3,-255,-253.7065,-252.5468,-249.7467,-105.4,-104.2,-88.25,-74.7,-67.6,113.2,128.1,127.5,114.3,86.55,242.6,237.3,202.95,165.475,,-149.6,-113.7,-90.849,-93.5,-115.249,-69.7,-28.9396,-10.6938,-22.0955,-39.7144
"2007-01-31",-129.855,-111.1,-102.388,-101.9955,-102.603,-474.55,-445.075,-394.425,-351.52,-310.605,45.1,57.45,33.45,-3.88,-54.8992,-286.25,-260,-259.8065,-254.2768,-250.0767,-104.2,-100.375,-90.06,-78.94,-72.23,98.425,109.445,111.425,97.895,72.92,237.15,232.9,204.2,163.445,,-143.775,-109.825,-86.1,-88.23,-106.33,-53.4,-16.2896,-4.5438,-16.5255,-36.7944
"2007-02-28",-115.15,-96.5,-92.264,-95.489,-96.839,-447.825,-411.2,-367.85,-334.53,-297.775,43.65,67.45,40.5,1.25,-48.6692,-275.3,-244.8,-244.0065,-239.9968,-235.2467,-94.45,-84.24,-76,-66.5,-58.65,108.75,127.4,123.5,103.75,78.8,259.2,262.3,225.85,177.125,,-143.54,-106.5,-81,-85.15,-107.49,-33.065,1.8554,5.4562,-9.5255,-35.3644
"2007-03-30",-101.675,-78.4875,-78.29,-87.815,-93.775,-447.2,-407.85,-368.375,-339.5,-305.5,52.85,83.55,53.5,11.95,-42.3192,-264.55,-231.8,-238.7065,-238.6468,-232.8967,-91.1,-76.8,-70.8,-65.9,-59.75,131.2,154.4,141.55,117,82.65,272.275,284.025,252.325,193.625,,-132.415,-87.2,-66.675,-79.2,-102.9,-12.7,15.9204,14.3562,-2.8955,-33.0644
"2007-04-30",-96.1875,-70.175,-68.2375,-78.85,-86.3125,-446.65,-405.625,-368.225,-342.725,-313.625,68.15,89.5,63.35,23.275,-30.3192,-261.9,-225.5,-228.2565,-227.8218,-223.7217,-82.85,-61.6,-56.65,-58.1,-57.7,113.5,138.135,137.75,114.5,79.95,280.35,289,260,207.9,,-119.775,-70.75,-49.175,-62.9,-88.625,-6.79,26.3104,29.4012,11.5795,-16.5894
"2007-05-31",-91.55,-73.5,-73.6,-80.45,-85.4,-453.25,-424.45,-385.4,-354.6,-322.875,72.2,70.95,54,14.55,-37.45,-250.9,-224.35,-232.3065,-230.7968,-227.7467,-64.65,-53.14,-46.57,-52.3,-57.4,102.55,121.9,118.45,104.85,82.1,279.625,278.925,246.175,198.85,,-128.8,-90.95,-66.3,-70.85,-92.3,-2.835,22.0504,21.1562,8.3045,-21.5144
"2007-06-29",-82.8825,-66.4875,-72.1875,-82.15,-85.85,-442.975,-416.675,-385.5,-357.625,-325.925,82.475,89.475,66.35,21.55,-32.05,-229.275,-205.725,-222.5815,-225.2218,-217.1467,-56.65,-51,-56.1,-59.05,-63.85,120.25,136.2,135.65,108.85,90.2,300.85,291.9,250.3,196,,-106.2,-70.225,-56.875,-67.675,-89.3,20.75,38.4604,25.1262,4.3045,-26.0144
"2007-07-31",-66.97,-44.8625,-58.697,-77.175,-86.305,-425.1,-393.4,-368.85,-348,-317.6,105.9,120.85,78.4,26.65,-29.65,-215.15,-185.325,-201.3565,-209.9968,-207.2467,-31.75,-17.05,-21.8,-32.65,-40.8,149.125,172.3,159,117.65,87.1,336.125,331.675,275.525,212.975,,-77.3,-40.9,-38.65,-57.249,-84.45,51.976,61.8104,41.8162,15.1695,-19.0644
"2007-08-31",-38,-34.85,-43.796,-59.63,-65.335,-395.65,-378.85,-361.25,-344.24,-313.445,137.3,127.55,94.4,39.83,-16.35,-215.4,-193.2,-194.5815,-196.4968,-194.1467,-31.1,-12.05,-12.1,-29.6,-31.8,167.65,184.1,173.65,134.3,99.6,334.85,322.55,273.65,212.3,,-59.8,-33.3,-25.35,-43.4,-69.175,66.891,74.4554,60.1862,35.0545,2.0856
"2007-09-28",-11.15,-10.35,-34.543,-52.47,-58.42,-374.725,-354,-352.25,-340.9,-309.825,118.85,106.2,67.5,22,-27.21,-191.35,-170.7,-187.3565,-189.8468,-181.3967,-31.35,-17.5,-27.15,-44.1,-41.55,205.55,222.1,195,156.3,115.75,377.525,365.175,292.675,226.575,,-22.06,0.45,-8.98,-29.43,-54.23,101.29,96.7104,65.1562,40.6045,11.2356
"2007-10-31",-2.05,-0.75,-32.4,-50.55,-57.1,-370.85,-357.8,-355.95,-335.9,-296.325,142,116.65,75.4,27.25,-25.25,-169.75,-155.8,-185.0065,-192.4468,-185.3467,-20.9,-9.55,-20,-32.5,-36.2,247.7,263.3,225.15,182.45,135.25,405.8,401.95,331.3,265.2,,0.8,12.95,-4.385,-27.6,-49.1,119.85,109.3704,67.8662,41.2845,15.8856
"2007-11-30",36.5,52.625,27,2.3,-5.15,-321.02,-286.675,-293.45,-292.45,-267.75,169.1,163,114.825,56.85,5.95,-144.05,-112.3,-141.4065,-155.6468,-151.2467,-11.55,14.5,13.15,-4.45,-4.2,305.55,343.55,301.75,225.85,167.75,441.65,459.75,383.8,298.05,,45.62,71.75,52.545,21.4,-9.56,170.1,175.0604,125.2062,92.6545,53.2856
"2007-12-31",66.8,71.9,40.5,5.675,-9.2,-313.4,-287.65,-300.825,-301.95,-273.625,153.35,136.45,86.9,30.9,-17.25,-111.1,-87.85,-125.0065,-149.3468,-144.5467,12,29.7,15.15,-14.95,-26.85,327.3,363.25,319.3,252.25,194.75,467.1,477.5,395.7,300.75,,70.2,90.3,59,24.6,-8.85,193.401,192.3604,124.6562,82.7045,48.0856
"2008-01-31",149.35,115.9,56.356,14.55,-5.25,-185.7,-197.875,-242.175,-264.475,-252.175,256.8,213.15,147.15,75.6,11.9,-14.45,-31.325,-79.9315,-112.4968,-118.6467,74.7,67.3,41.65,12.2,-2.1,461.185,447.75,366.85,270.95,194.95,586.675,543.8,434.65,321.65,,169.53,141.55,86.6,36.905,-10.3,306.88,260.6104,161.3062,101.3795,48.5356
"2008-02-29",159.39,126.5,55.038,7.604,-16.986,-157.85,-163.2,-229.915,-271.065,-267.375,283.7,235.8,156.525,77.55,13.6,13.2,-1.075,-65.4065,-108.7968,-124.1717,72.2,75.55,36.1,-1.2,-15.15,531.2,511.55,420.4,302.85,209.2,612.9,580.8,456.8,341.7,,217.001,189.1,109.35,46.3,-6.3,350.07,305.4104,177.6062,93.0545,39.6356
"2008-03-31",228.85,188.6,90.612,37.085,14.635,-139.525,-157.2,-244.7,-287.05,-278.85,335.1,265.75,170.4,90.65,29.15,51.5,35.3,-46.3565,-85.5968,-100.1967,73.8,72.95,23.4,-3.35,-4.4,526.9,492.6,395.5,309.85,235.4,619.85,568.05,445.3,354.95,,243.1,213.05,127.05,66.2,15.85,392.27,347.3604,199.7062,113.8045,61.1856
"2008-04-30",206.2,150.95,67.35,27.3675,10.7,-173.7,-196.2,-245.4,-268.05,-253.475,287.8,233.2,157.2,83.075,22.4,18.3,-4.45,-67.9565,-96.7968,-99.5467,16,7.65,-22.9,-29.55,-20.9,494.4,454.4,368.7,295.35,220.4,555.375,486.425,375.225,309.325,,213.9,165.55,94.4,49,5.7,360.69,2.45,173.6562,113.9545,70.2356
"2008-05-30",228.6,165.65,58.25,16.3,-4.075,-180.075,-213.95,-264.425,-278.525,-266.55,319.83,260.05,163.15,79.975,9.4,17.5,-17.2,-87.8065,-115.2468,-120.6467,-4.3,-16.25,-43.55,-50.15,-45.4,489.05,438.05,328.55,266.05,202.95,540.5,455.05,341.95,280.55,216.7,232.75,178.8,89.525,38.175,-5.925,366.191,-14.95,158.2862,92.9045,51.4856
"2008-06-30",247.6,200,100.81,44.695,16.2125,-195.36,-229.7,-277.255,-287.075,-266.15,340.17,281.5,188.565,104.35,30.65,23.25,-0.85,-64.7065,-98.2468,-112.4967,20.9,0.75,-41.15,-55.35,-43.65,483.8,434.45,335.45,275.05,235.6,497,418.65,315.75,262.55,,254.565,212.05,132,70.055,18.96,385.01,-6.6,199.7162,125.3555,81.6356
"2008-07-31",232.318,170.271,79.899,22.578,-6.356,-180.885,-215.05,-269.875,-291.425,-271.925,295.79,224.675,141.0375,65.115,-2.41,12.3,-22.45,-87.025,-118.125,-133.25,2.65,-26.75,-65.55,-70.4,-54.6,441.5,374.3,300,246.45,210.45,457.075,377.925,287.675,239.2,185.95,262.225,206.825,119.9,54.175,0.075,379.765,-4.45,186.0512,114.1445,66.9856
"2008-08-29",229.85,164.475,74.615,22.75,-2.975,-188.22,-215.925,-267.35,-283.28,-261.505,283.53,212.375,128.9,61.625,1.89,-1.85,-35.8,-91.6,-113.325,-123.675,-19.85,-51,-84.95,-78.2,-52.25,394.35,345.825,268.45,223.2,175,466.15,398.95,307.8,259.15,208.5,256.525,195.075,106.25,49.525,-0.625,386.505,-0.05,174.1062,108.5045,63.7856
"2008-09-30",268.7,169.8,80.47,25.85,-0.05,-160.3,-185.2,-255.73,-276.6,-255.45,329.57,226,126.095,66.2,14.6,8.55,-30.57,-99.48,-114.4,-113.4,-27.7,-47.7,-86.58,-68.65,-21.5,327.1,295.9,225.17,209,175.3,367.9,332.3,264.77,226.175,192.55,236.4,169.8,73.52,25.8,-14.7,416.901,19.301,156.2262,89.2045,53.0856
"2008-10-31",166.901,118.3,42.24,12.8,11.15,-159.975,-175.6,-255.16,-287.45,-255.075,193.94,153.2,83.44,39.15,-12.45,-9.9,-31.1,-86.41,-101.45,-91.35,-47.55,-59.92,-104.11,-69.75,4.95,235.15,237.5,190.54,170.4,152.3,364.85,347.9,255.69,207.65,,177.35,114.4,24.44,-32.6,-56.2,310.45,33.901,90.5962,41.0045,18.8356
"2008-11-28",185.2,163.95,111.95,100.6,105.25,-58.4,-79.025,-140.95,-151.75,-109.1125,182.98,163.275,124.85,99.95,95.4,-50.775,-57.4,-80.5,-64,-40.525,-18.9,-11,-64.15,6.65,72.9,154.1,181.35,199.08,221.35,215.45,293.1,298.6,270.6,268.1,,207.7,140.6,76.449,42.15,38.23,326.3,73.35,149.5062,143.5795,134.4856
"2008-12-31",153.65,146.8,134.4,128.15,113.45,-17.55,-48.025,-102.05,-122.625,-107.125,130.11,138.3,125,95.75,81.75,-29.8,-22.9,-7.4,8.15,-2.35,-20.7,-24.4,-33.7,8.95,83.95,181.45,192.475,208,212.425,198.75,284.325,276.975,249.625,238.675,219.75,120.1,94.85,93.1,75.75,49.75,203.55,39.6,186.8562,218.3545,189.5356
"2009-01-30",112.7,104.3,92.8,87.7,71.2,-20.91,-55.475,-125.55,-169.175,-176.835,78.29,67.05,74.95,78.35,58.55,-65.25,-72.47,-71,-59.25,-77.9,-59.6,-52.45,-71.15,-42.55,27.7,121,127.4,125.8,144.95,140.65,158.5,152.9,132.2,137.45,,85.5,52.9,56.45,51.95,23.1,183.4,24.4,124.1062,134.7045,104.6356
"2009-02-27",79.55,82.2,69.79,50.35,50.55,-22.3,-39.2,-112.59,-157.65,-161,107.5,104.75,99.64,81.5,71.4,-68.55,-63.4,-56.16,-53.25,-71.1,-77.8,-74,-91.61,-58.85,39.45,129.95,142.85,137.5,167.35,196.05,134.45,140.1,128.94,143.35,,6.75,-3.15,9.09,-0.9,2.1,191.95,156.1604,131.4462,121.2045,104.2856
"2009-03-31",64.35,72.35,85.25,81.55,79.4,-18.75,-25,-71.06,-110.15,-117.925,97.62,103.25,120.05,105.45,84.65,-66.35,-50.5,-24.65,-20.7,-47.2,-68.4,-58.9,-72.9,-38.6,43.65,164.25,189.5,201.95,218.15,241.4,186.5,222.5,263.45,268.65,247.15,10.75,19.75,54.4,53.7,39.2,178.8,168.0604,173.1062,167.2545,136.9356
"2009-04-30",53.25,47.85,35.78,34.15,30.7,-18.985,-45.95,-123.045,-158.06,-164.675,76.63,79.55,76.48,62.85,44,-56.3,-68.2,-80.07,-75.65,-90.2,-81.9,-79.75,-81.52,-41.6,35.4,160.45,171.35,176.73,195.65,197.525,170.55,184.3,197.28,209.7,,0.75,10.55,22.08,34.33,20.9,165.35,165.1104,147.9362,145.5545,116.1856
"2009-05-29",62.4,50.45,29.2,21,16.4,9.7,-32.4,-139.5,-187.275,-185.425,67.68,74.35,78.6,56.45,35.6,-24.525,-50.775,-80.125,-79.9125,-86.525,-50.5,-37.7,-48.65,-43.6,23.4,207.85,209.1,202.85,208,214.2,191.7,206.65,211.6,216.5,212.575,33.85,34.35,24.6,29,21.2,180.1,171.9104,131.5062,120.8545,91.9856
"2009-06-30",63,39.15,4.35,-7,-4.9,6.5,-56.15,-168.85,-207.45,-197.56,86.17,97,95.65,62.75,29.55,-24.2,-60.57,-97.7,-100.3,-100.85,-45.4,-46.55,-52.65,-35.95,31.4,239.9,244.8,236.75,222.15,222.85,196.9,211.125,221.3,212.15,209.35,30.65,18.425,-9.05,-1.85,-9.9,159.1,146.8604,111.9562,105.5045,79.6356
"2009-07-31",52.3,37.9,8.05,-10.45,-9.65,9.5,-53.1,-156.9,-187.95,-180.7,61.93,85.3,97.45,64.7,39,-15.1,-54.2,-103,-113.15,-113.8,-23.2,-26.1,-31.9,-30.3,36.65,272.9,273.9,261.35,226.95,224.05,213.6,227.9,228.1,215.45,207.075,26.65,27.65,6.1,-5.3,-16.7,170.8,168.7104,140.2562,122.3045,92.3356
"2009-08-31",72.45,56.75,19.15,-4.05,-6.9,15.45,-50.25,-159.4,-185.8,-177.35,59.01,75.05,75.3,47.15,24.55,-2.05,-44.35,-98.65,-105.7,-105.75,-7.6,-12.9,-27.55,-24.8,33.88,359.7,349.5,286,236.15,222.6,238.95,270.5,254.2,228.65,219.85,52.951,61.25,26.7,-0.35,-15.9,227.1,224.3104,158.6062,119.0045,87.1356
"2009-09-30",64.9,50.3,15.5,8.7,8,18.75,-42.7,-146.5,-170.6,-163.3,46.62,65.55,76.1,59.5,33.5,2.9,-33.35,-84.1,-89.95,-92.75,9.6,5.9,-16.3,-19.3,25.4,364,355.5,295.1,245.6,227.1,264.3,290,271.25,247.9,223.8,58.65,58.5,31.7,5.9,-10.9,238.8,240.3104,169.9062,140.7545,111.3856
"2009-10-30",69.7,58.8,12.45,-5.53,-13.2,21.6,-36.8,-143.75,-169.18,-159.6,49.12,65.6,65.05,43.07,18.25,-2.05,-30.65,-87.6,-103.68,-113.25,2,4.95,-5.3,-13.13,15.55,383.2,370.3,288.55,230.57,193.25,268.7,308.3,275.6,241.27,206.95,44.4,54.55,22.15,-8.93,-32.75,229,230.1104,159.0062,111.9245,81.7856
"2009-11-30",83,77.1,39.25,15.55,-5.94,20.4,-23.463,-126.9,-163.275,-168.39,54.75,71.45,72.95,50.4,18.41,10.95,-11.625,-60.25,-86.25,-108.99,13.825,6.9,-4.5,-7.05,13.41,396.6,376.1,284.85,216.6,194.41,269.75,308.1,284.85,245.05,198.485,58.4,72.6,49.35,8.1,-26.89,238.2,246.1604,181.0062,126.4545,82.6456
"2009-12-31",69.25,50.3,-11.85,-33.6,-45.25,2.03,-68.05,-196.6,-224.72,-209.7,42.2,57.7,46.1,23.85,-0.85,-3.8,-40.3,-117.6,-141.8,-154.4,16.8,9.55,-26.9,-28.4,0.4,385,346.7,238.7,187.15,172.55,277.775,285.95,214.15,172.9,145.8,43.4,37.95,-8.5,-45.1,-67.2,233.1,222.0104,140.3062,81.7545,50.0856
"2010-01-29",74.4,57.8,-2.3,-29,-45.6,15.4,-40.2,-160.3,-198.72,-193.24,49.18,55.725,42.95,23.275,-1.65,10.8,-17.85,-88.6,-125,-156.9,25.8,21.85,-11.195,-24.075,4.85,401,362.7,259.35,192.35,159.95,293.6,306.1,230.3,181.8,148.95,60.6,65.95,14.6,-32.4,-59.8,246.9,242.7604,158.6562,92.7045,53.9856
"2010-02-26",68.8,44.8,-10.95,-34.3,-55.2,19.2,-34.26,-157.04,-198.32,-192.47,52.15,43.85,23.6,14.95,1.8,9.95,-24.35,-96.95,-132,-169.25,29.9,26.5,-4.15,-20.75,4.05,405.7,375.4,260.05,188.8,160.35,273.5,286.2,220.55,181.4,152.3,68,70.9,12.3,-45.2,-76.9,234.6,221.9604,136.8062,79.4045,35.8856
"2010-03-31",61.1,32.95,-27.65,-49.4,-67.025,6.2,-50.96,-171.3,-210.395,-202.035,42.64,28.3,3.625,-5.9,-22.7,9.4,-21.1,-103.6,-143.3,-172.95,64,66.925,18.55,-20.15,-4.8,436.5,403.45,285.45,200.8,160,277.5,287.15,213.9,172.5,144.1,75.2,62.9,-7.9,-64,-95.9,235,212.2104,128.3562,72.1045,32.3856
"2010-04-30",63.3,33.325,-24.2,-45.95,-59.5,4.2,-46.875,-162.325,-203.475,-192.9,50.18,50.35,32.95,15.15,1.2,5.5,-18.7,-91.75,-131.2,-156.1,87.38,93.05,50.125,7.905,20.98,431.925,406.8,301.35,217.85,180.75,278.4,302.3,232.35,178.6,168.75,59.025,56.675,-9.55,-69.4,-96,226.3,213.8604,134.2562,81.0795,50.2856
"2010-05-31",52.3,31.35,-15,-33.8,-53.63,-5.8,-39.96,-135.3,-169.25,-169.93,30,29.25,18.5,20.1,7.92,-1.1,-32.3,-91.6,-125.9,-158.63,52.1,69.65,49.8,19.6,28.17,383.9,357.2,281.6,224.85,184.07,272.7,297.05,255.85,210.3,,61.35,52.95,-6.9,-64.4,-85.9,222.1,217.5104,136.7562,106.2045,72.8556
"2010-06-30",72.5,64.275,19.9,-0.25,-18.35,4.7,-15.25,-102.4,-146.8,-153.925,35.03,40.8,35.9,37.6,29.85,-10.5,-11.65,-56,-92.85,-134.85,45.42,55.55,38.35,28.15,52.7,400.8,373.65,295.7,230.475,194.275,278.9,288.85,240.5,201.85,,87.05,99.35,41.7,-17.52,-47.15,277.9936,242.4104,167.8562,124.2045,85.9356
"2010-07-30",91.45,86.3,49.35,19.45,-8.15,19.2,0.45,-84,-148.15,-171.4,51,54.725,54.25,45.05,34.95,6.65,6.2,-33.95,-85.35,-129.4,78.55,75.35,53.65,30.575,48.075,426,398.95,316.85,243.15,197.6,296.9,296.2,245.3,186.1,142.05,108.025,119.15,71,-8.85,-46.9,276.7436,262.0854,191.9062,136.2545,85.1356
"2010-08-31",92.4,78.4,27.875,-0.825,-28.95,30.98,12.2,-59.9,-112.225,-122.55,49.55,48.9,40.65,46.55,52.35,3.8,3.6,-31.1,-73.4,-114.75,71.18,61.7,33.8875,27.505,65.525,414.5,386.35,315.95,251.05,217.2,283.325,280.55,227.85,188.05,157.65,119.4,118.15,51.7,-26.7,-57.49,283.4436,259.5104,185.0812,131.4045,100.7356
"2010-09-30",109.4,107.75,58.35,14.6,-19.975,35.65,18.2,-57.85,-121.1,-137.475,52.81,52.45,45.175,40.55,36.05,8.7,10.7,-13.9,-62.85,-113.6,100.4,87.275,41.4875,14.7062,32.44,464.3,450.45,366.85,273.1,231.8,281.7,284.2,232.5,175.4,135,136.95,144.7,87.5,-0.2,-42.49,287.3436,275.4604,220.5062,152.6045,114.0856
"2010-10-29",111.2,117.55,79.5,13.8,-33.69,35.5,25.825,-50.5,-132.55,-155.415,49.65,57.415,45.8,37.5,28.76,4.8,13.4,-11,-77.75,-139.175,96.04,93.37,46.8,9.8062,14.285,453.687,450.025,368.4,271.45,216.96,292.8,312.4,265.7,192.2,143.96,141.235,145.125,97.95,1.3,-57.79,256.8,255.4604,207.8562,141.3045,80.2466
"2010-11-30",117.8,113.3,81.97,30.8,-22.68,28.775,16.15,-55.005,-125.9,-148.63,44.01,42.65,40.48,35.44,28.935,9.9,1.15,-27.88,-80.75,-136.38,103.92,94,60.87,15.2,11.07,449.4,437,361.92,276.6,227.745,274,288.85,256.87,198.6,144.37,161.65,155.65,99.92,12.65,-46.25,237.7,235.8604,189.4012,128.7045,77.2431
"2010-12-31",116.13,101.775,47.08,-1.5,-34,26.055,4.225,-105.025,-175.7,-190.5,45.38,44.1,21.9,2.7,-8.775,10.68,-6.65,-61.6,-116.325,-161,112.36,97.4,27.85,-14.85,-6.7,467.28,445.6,329.25,239.425,208.75,276.88,276.6,207.6,160.8,122.475,199.03,179.85,87.85,0.625,-47.75,266.58,254.1604,173.7862,111.1445,72.2856
"2011-01-31",133.45,139.9,78.29,4.3,-37.5,23.425,3.15,-103.185,-178.425,-198.075,67.15,75.15,47.54,16.7,-1.4,5.95,6.4,-47.81,-114.85,-158.7,108.89,95.15,35.94,-10.08,-5.39,457.657,436.9,325.44,231.4,184.625,283.35,283.6,202.94,140.4,94.85,225.2,218.4,111.765,2.55,-57.26,272.95,271.4104,187.8462,99.2545,48.7856
"2011-02-28",145.35,137.9,57.55,-8.95,-43.015,23.02,-6.9,-116.2,-181.075,-192.01,82.65,80.3,34.275,4.375,-12.86,12.15,4.35,-59.025,-115.7,-151.91,124.15,109.125,39.9462,-6.8,1.57,463.571,429.528,299.7,222.3,177.99,239.05,229.6,165.25,116.8,84.815,245.775,226.475,104.175,-3.7,-65.01,285.85,276.1354,185.2062,99.9045,60.7756
"2011-03-31",152.3075,146.7,67.25,4.0325,-25.34,12.1225,-26.95,-139.65,-190.08,-194.12,69.3,62.925,26.35,5.785,-9.07,13.9,3.55,-65.05,-114.355,-151.665,115.65,97.5562,35.515,1.3798,8,446.5,405.25,287.25,216.32,169.53,213.5,208.05,164.65,130.02,90.98,254.275,225.55,104.825,5.82,-59.62,283.1,270.6604,183.6062,108.1245,68.3156
"2011-04-29",159.205,159.95,89.3,14.45,-21.565,18.1,-10.2,-114,-175.3,-186.59,58.6,59.2,32.2,3,-14.04,18.95,25.05,-31.55,-90.875,-128.665,125.7,113.075,48.8,8.825,11.425,462.1,434.8,321.5,230.725,176.96,229.4,235.3,204.575,157.575,120.41,264.325,248.8,134.2,15.75,-48.54,292.8,290.3304,205.3562,117.7545,70.9456
"2011-05-31",165.26,160.75,87.55,17.6,-16.305,20.345,7.955,-88.2,-156.15,-173.68,63.85,61.3,33.65,9.26,-13.73,13.45,17.3,-29.425,-87.025,-121.105,113.76,108.5,44.29,5.495,6.3,461.944,434.35,324.85,235.1,178.87,239.45,258.85,218.05,163.2,113.87,268,249.8,129.8,13.9,-56.96,299.6,296.3204,206.2062,119.0045,71.9056
"2011-06-30",170,157.8,84.8,14.4,-12.1,20.95,4.575,-99.65,-171.9,-187.95,59.5,50.2,20.05,4.1,-2.05,5.05,-5.35,-53.85,-101.75,-130.42,116.76,106.8,39.75,-0.6,4.75,451.052,427.375,311.05,233.85,187.55,239.15,247.6,205.3,153.1,,263.05,237.15,115.1,2.6,-65.2,307.55,300.2104,197.7562,109.2055,70.8356
"2011-07-29",154.75,147.25,94.5,23.1,-16.15,20.545,18.15,-61.9,-141.75,-165.25,49.3,45.875,19.865,-3.46,-7.25,-1.2,-2.7,-33.25,-87.15,-123.725,110.61,98.12,45.995,-0.21,-1.68,439.65,412.4,329,242.4,199.25,275.05,295.65,261.4,189.7,,257.8,238.9,124.6,7.45,-68.77,300.55,295.9594,213.2562,121.492,82.5356
"2011-08-31",139.45,127.15,101.55,50.7,19.1,16.85,30.8,-20.35,-89.6,-114.45,52.95,53.35,39.195,33.1,36.1,-6.8,0.175,-15.425,-56.825,-89.775,76.73,71.53,41.525,13.88,13.475,376.796,371.8,322,264.8,240.8,252.2,270.3,259.25,207.8,163.5,231.45,192.3,123.8,27.8,-55.7,308.45,300.8604,241.3062,162.4045,106.3356
"2011-09-30",144.85,126.9,91.5,51.2,24.84,17.15,28.825,-12.05,-58.89,-70.93,58.95,51.2,30.075,30.65,47.74,,,,,,53.55,38.395,15.9,15.6151,33.73,357.188,333.9,303.2,265.5,252.99,227.3,238.95,224.95,207.45,178.89,190.3,162.95,99.7,23.05,-42.56,274.3,255.2604,204.1062,156.5545,157.2256
"2011-10-31",139.7,127.45,90.9,37.75,11.95,30.234,36.96,-7.12,-69.55,-82.32,54.8,51.975,33.3,28.2,33.75,,,,,,58.755,47.58,24.56,12.605,36.035,369.334,347.85,314.05,263.05,247.75,217,234.3,232.3,200.1,170.2,202.05,179.899,107.85,17.6,-56.55,288.85,280.6104,227.2562,160.7045,108.7356
"2011-11-30",135.6,124.025,109.92,74.35,46.17,23.75,42.05,7.76,-46.445,-62.325,57.65,61.36,39.28,33.27,37.54,,,,,,42.5898,36.905,13.99,1.56,20.29,308.8,304.3,269.52,244.6,255.17,187.4,194.3,193.32,180.05,158.92,184.525,135.1,77.57,7.7,-63.2,296.95,273.5604,228.1762,175.4045,132.7056
"2011-12-30",138.6,118.4,99.3,71.7,37.1,15.75,35.93,19.24,-26.695,-49.725,44.6,38.35,19.15,20.85,32.75,,,,,,42.76,33.3791,13.6661,7.3125,23.2996,307.35,301,284,237.8,247.4,162.95,161.1,158.55,151.8,136.35,173.55,134.9,77.05,14.95,-48.85,261.45,249.1204,218.9562,171.4045,121.1856
"2012-01-31",99.6,90.05,82.475,50.3,15.8,18.075,36.875,25.7,-27.875,-53.6875,59.6,48.4,26.39,21.57,23.65,,,,,,61.35,53.8499,35.2,16.67,25.9401,321.755,308.75,285.95,236.45,227.25,192.2,192.75,186.7,164.5,126.25,186.8,149.95,100.2,27.75,-43,259.9,256.8104,228.3562,181.1045,134.5356
"2012-02-29",84.45,76.775,59.27,26.675,-1.85,12.475,25.5,6.67,-45.075,-67,61.9,50.15,25.37,19.7,26.1,,,,,,71.475,67.785,47.32,21.3699,34.89,350.03,338.2,293.52,237.55,219.05,208.1,219,218.92,189.3,161.25,185.1,158.25,101.92,32.05,-33.25,251.6,259.5604,224.0762,163.4045,116.5356
"2012-03-30",68.25,66.35,45,6.7,-25.3,8.95,19.375,-10.7,-65.325,-87.35,64.85,52.21,15.73,4.975,10.93,,,,,,74.9858,74.3277,45.2887,12.128,20.7751,334.45,321.1,280.05,217.25,192.9,203.65,213.15,201.6,166.3,135.35,192.125,171.35,107.05,23.8,-46.6,220.65,243.1604,209.2062,144.9795,95.9356
"2012-04-30",62.65,62.3,53.7,24.7,-6.45,14.85,27.225,7.375,-45.6,-71.575,77.3,70.44,42.395,26.67,30.6,,,,,,89.4398,96.13,73.675,34.91,38.73,298.25,290.55,259.95,209.1,181.45,187.9,192.6,189.7,164.1,124.5,182.85,165.7,111.95,35.65,-44.45,222.9,250.2604,227.3562,168.7545,112.5356
"2012-05-31",67.95,65.925,56.95,20.1,-21.7,17.25,31.15,30.85,-9.9625,-40.75,64.5,49.91,28.55,28.9,46.04,,,,,,63.7,57.55,39.25,19.845,27.36,210.65,207.225,207.325,188.2,176.25,148.15,148.35,157.05,147.1,116.25,169.1,142.2,97.55,31.95,-43.75,230.05,241.6404,217.2962,168.9345,116.6856
"2012-06-29",55.45,54.85,61.3,40.8,6.525,16.6825,29.65,24.65,-22.025,-50.675,44.2,30.795,21.97,33.39,51.33,,,,,,72.6501,67.65,52.025,32.05,43.03,247.75,238.225,214.25,189.7,172.7,183.15,185.3,181.5,154.6,114.7,178.3,160.1,127.5,64.65,-14.8,229.15,239.6604,220.1562,179.7045,123.7356
"2012-07-31",34.3,38.925,45.15,33.8,9.54,25.1,35.143,32.35,-6.85,-38.483,37.8,25.96,19.215,39.58,59.18,,,,,,89.5,88.3751,73.675,44.3548,53.56,259.7,246.975,228.35,189.35,172.89,196.2,201.2,193.85,163.15,127.015,175.6,161.751,128.6,71.9,-6.86,207.95,219.7704,205.2562,171.5045,114.1756
"2012-08-31",19.4,29.9,41.9,25.6,-1.22,21.6,35.275,34.1,-7.9,-43.22,30.8,27.15,23.63,31.21,48.64,,,,,,95.43,96.65,81.32,41.18,38.76,259.1,241.4,222.325,181.425,163.93,189.85,193.9,190.65,159.75,114.68,154.15,142.95,112.7,50.3,-32.27,194.1,196.3,199.8762,159.6745,102.2656
"2012-09-28",13.35,21.15,32.4,18.75,-0.05,28.35,34.93,17.95,-33.15,-59.65,25.5,24.1,21.3,26.8,44.35,,,,,,96.99,93.15,76.45,33.14,25.88,244.425,233.85,204.9,164.1,141.85,199.367,200.85,191.4,149.15,91.35,128.05,116.85,93.35,35.4,-45.15,180.29,178.95,189.7162,156.4545,94.3856
"2012-10-31",14.5,19.05,24,10.25,-5.7,23.625,27.9,17.405,-30.4,-56.1,26.8,23.34,21,28.32,46.21,,,,,,99.75,91.8502,74.29,35.155,29.485,243.5,232.55,207.6,166.75,151.9,205.75,199.05,182.9,148.95,97.975,119.9,107.9,80.4,28.25,-41.85,181.4,179.95,182.3062,153.3545,95.6856
"2012-11-30",13.9,20,30.2,14.02,-2.44,21.425,27.325,18.2,-27.724,-54.74,31.2,31.405,28.9,29.72,43.36,,,,,,104.09,97.9253,80.5502,34.8102,20.9798,253.72,246.15,224.7,176.27,159.96,200.55,196.95,187.2,154.72,95.91,116.55,107.7,90.2,39.67,-22.54,182.83,181.85,181.8562,149.6445,90.2456
"2012-12-31",9.9,12.7,6.55,-15.05,-30.1,10.7,13.925,2.675,-36.06,-60.3,29.8,28.805,13.3,11.45,29.5,,,,,,109.93,104.2,76.05,27.09,11.4,237.135,230.3,204.625,161.775,144.575,216.1,210,190.05,151.8,94.1,104.98,97,73.8,18.85,-43.2,175.6,175,166.9562,131.1545,70.8856
"2013-01-31",21,32.7,21.63,-12.92,-38.4,11.65,7.865,-19.7,-69.125,-82.2,26.1,24,10.9,7.5,22.2,,,,,,108.71,104,74.8198,24.71,11.36,242.7,236.6,208.2,155.9,129.5,226.2,227.1,199.5,149.95,98.05,101.93,103.6,91.25,33.2,-25.95,177.2,186,178.1262,131.3045,70.5856
"2013-02-28",12.5,16.11,7.62,-18.09,-37.07,14.475,18.26,-9.965,-70.565,-90.32,20,17.26,12.12,10.01,21.63,,,,,,105.1,93.11,64.91,24.05,11.33,233.981,231.76,213.17,160.31,128.33,232.424,240.26,222.87,168.56,114.78,110.08,111.41,93.17,36.36,-19.37,178.3,179.66,172.3762,130.5145,67.9156
"2013-03-29",20.8,24.85,11.1,-23.8,-45.45,10.74,14.75,-8.4,-77.275,-109.45,22.2,19.45,7.2,0.2,11.1,,,,,,105.45,96.95,71.775,22.545,5.42,255.73,254.225,225.7,165.55,123.05,220.5,226.35,213.7,158.55,105.8,115,115.101,92.2,30.8,-27.2,168.45,164.7,156.1062,115.9045,54.3356
"2013-04-30",13.2,17.86,3.55,-27.7,-45.3,13.68,24.16,19.825,-41.675,-76.97,23.6,21.36,12.3,6.25,18.75,,,,,,108.88,101.21,75.75,27.64,11.26,235.2,232.16,211.4,156.95,114.15,223.25,228.16,217.125,163.925,107.65,104.38,101.96,78.25,20.05,-34.8,161.9,156.76,142.8062,109.3045,54.8856
"2013-05-31",6.865,10.405,-15.465,-48.82,-61.63,7.8975,12.45,-5.07,-53.72,-89.53,21.76,20,-2.67,-15.42,-4.08,,,,,,109.59,104.35,69.12,21.13,4.92,223.86,214.1,182.68,127.78,97.47,222.224,229.15,200.43,139.58,94.67,105.61,99.7,62.18,2.33,-47.23,160.86,155.15,124.5862,81.2345,25.2556
"2013-06-28",14.65,20.4,-23.15,-59.55,-74.695,10.2,14.75,-36.35,-93.4,-118.64,27.1,25.65,-3.25,-12.3,-7.37,,,,,,107.24,111.37,69.15,22.55,12.73,212.9,212.2,170.4,126.75,103.98,225.6,243,201.6,141.3,102.98,110.28,114.5,65.75,0.75,-49.02,153.7,154.7,108.0562,57.9045,11.0656
"2013-07-31",12.75,17.2,-23,-65.1,-84.875,10.475,15.625,-42.95,-105.65,-131.4,23,19.1,-16.85,-26.95,-22.25,,,,,,107.91,108.56,67.5,19.5,4.2,202.3,193.95,150.45,101.25,71.25,238.44,261.45,226.45,150.55,105.5,108.55,109.55,57.25,-13,-48.6,157.02,155.35,109.9062,58.6545,5.3356
"2013-08-30",13.35,14.46,-32.55,-67.2,-77.6,5.55,4.41,-71.75,-132.8,-149.7,26.7,23.51,-10.05,-27.3,-28.95,,,,,,106.14,101.46,52.75,11.95,5.28,205.6,202.31,148.65,108.15,92.7,235.05,260.06,220.95,153.7,127.2,117.25,120.96,58.3,-12.55,-62.6,162.5,162.86,104.4062,53.8045,4.7856
"2013-09-30",11.55,13.55,-23.4,-61.3,-79.8,10.05,11.05,-52,-119.4,-142.9,27.15,33.3,16.3,-9.1,-21.7,,,,,,106.46,101.1301,70.65,27.1001,13.38,208.55,214.25,171.75,117.45,90,239.8,272.5,246.55,166.75,124.8,110.8,118.3,72.8,-1.15,-60.2,159.085,161.7,122.2562,64.0045,1.5856
"2013-10-31",4.77,4.15,-37.98,-73.95,-86.25,8.57,8.95,-54.98,-129.15,-154,26.37,29.2,11.52,-18.95,-30.55,,,,,,105.01,99.75,59.07,15.6,6.075,221.57,232.95,193.87,139.25,111.45,250.77,279.45,249.02,172.8,125,105.77,110.05,62.32,-9.4,-68.45,153.85,154.55,111.6762,54.1545,-7.4144
"2013-11-29",4,4.1,-39.9,-81.9,-95.2,8.2,9.39,-58.4,-137.2,-164.55,29,36.15,20.95,-19,-35.7,,,,,,108.63,102.83,56.4,13.18,4.525,222.58,236.2,200.1,141.4,115.9,272.8,310.2,273.6,184.7,137.2,94.8,99.5,52.2,-22.5,-52.4,149.85,146.5,96.0562,33.8045,-23.9144
"2013-12-31",3.1,1.4,-56.2,-95.5,-108.65,2.267,-3.15,-86.092,-149.55,-175.1,31.37,46.95,23.7,-22.6,-46.9,,,,,,103.02,95.4,49.475,9.875,-1.025,218.6,223.8,167.4,117.6,94.85,293.05,315.35,267.2,177.9,132.475,75.9,82.5,38.65,-27.475,-80.2,144.85,137.5,78.0562,25.3045,-27.3144
"2014-01-31",2.7,-8.6,-65.5,-94.95,-101.1,8.145,1.65,-75.9,-134.45,-151.462,31.08,42.1,25.65,-13.35,-31.8,,,,,,103.67,86,32.6,0.6,-2.495,223,223.6,173.3,128.4,117.05,300.3,322.6,270.8,194.65,157.05,78.65,80.4,36.95,-22.45,-71.1,143.25,131.4,74.4562,26.0545,-28.3144
"2014-02-28",6.3,-5.1,-65.75,-97,-102.345,7.35,-2.15,-81.05,-139.1,-149.45,33.77,46,27.05,-6.8,-23.55,,,,,,109.31,93.3,35.4,1.425,-3.725,225.03,221.95,172.85,133.4,123,305.2,320.25,264.85,189.15,139.05,78.4,76.851,32.1,-21.4,-69.5,153.8,145.4,87.5462,38.0145,-7.1644
"2014-03-31",6,-14.9,-91.375,-113.125,-107.945,4.485,-14.075,-102.825,-147.2,-145.737,36.2,43.55,12.95,-16,-26.4,,,,,,113.855,92.65,25.35,-1.45,-1.92,231,224.7,159.45,127.3,121.95,320.85,333.5,260,186.3,148.7,71.55,58.85,0.25,-41.25,-79.5,156.4,138.2,67.9062,25.4045,-11.0144
"2014-04-30",3.85,-19.1,-96.0097,-116.2,-110.3,9.1,-10.975,-98.95,-141.95,-138.9,38.55,46.75,12.45,-20.225,-25.75,,,,,,115.25,96.105,29.2,3.12,2.1,230.675,217.6,147.01,114.1,108.8,323.7,328.9,252.3,181.6,152.35,64.7,45.9,-14.95,-49.65,-82,160.82,137.275,66.2562,29.0045,-6.4144
"2014-05-30",1.7,-21.52,-95.3,-114.35,-108.3,9.9,-7.57,-85.975,-129.425,-127.762,40.6,50.38,23.95,-9.65,-17.2,,,,,,112.63,93.835,28.01,2.05,-1.2,228.05,211.68,142.35,112.95,106.3,330.3,328.98,254.95,187.4,157.25,61.05,42.18,-17.55,-49.05,-78.7,163.8,141.78,71.3562,33.8045,-3.9144
"2014-06-30",-2.1,-30.8,-110.08,-126.38,-117.7,8.1,-16.35,-101.88,-137.03,-128.6,53.8,65.4,35.27,1.82,-9,,,,,,111.625,92.23,25.73,-0.5575,-1.985,221.16,198.35,125.77,98.67,92.5,351.55,347.5,269.02,196.42,161.75,51.6,28.15,-35.68,-61.13,-85.5,154.3,118.05,41.2762,13.5245,-19.1644
"2014-07-31",-5.65,-42.4,-129.62,-140.93,-128.1,4.1,-29.75,-123.57,-153.605,-136.75,48.85,52.2,19.38,-9.63,-18.9,,,,,,105.85,76.53,6.83,-13.84,-8.28,215.55,185,107.83,87.895,88.525,343.25,321.3,240.48,175.47,145.6,26.75,-2.9,-68.67,-82.48,-97.15,141.25,99.6,14.4362,-5.6255,-31.8144
"2014-08-29",-5.05,-42.15,-129.6,-147.35,-137.45,5.825,-24.55,-104.125,-131.425,-112.612,43.95,40.4,3.6,-20.1,-27.15,,,,,,108.4,80.23,11.18,-8.87,-0.03,208.44,176.4,106,85.7,89.9,337.2,318.65,234.5,172.2,135.4,24.45,-6.85,-75.5,-90.8,-102.55,153.95,115.75,32.6562,7.8045,-14.0644
"2014-09-30",-14.95,-58.5,-147.665,-151.25,-133.15,6.65,-32.475,-118.24,-142.4015,-117.737,43.15,34.4,-2.94,-22.75,-26.6,,,,,,104.05,70.05,3.81,-10.0975,-2.85,212.25,174.95,96.71,86.35,97.15,334.9,308.1,218.96,157.8,123.1,23,-16.35,-84.79,-92.65,-100.4,147.58,101.15,14.1662,-5.0455,-24.3144
"2014-10-31",-12.3,-45.83,-129.8,-141.95,-127,13.55,-17.805,-100.9,-134.1,-118.037,38.95,29.57,-8.95,-28.35,-30.45,,,,,,102.93,72.55,10.75,-8.22,-4.11,217.1,181.07,101.6,88.9,97.85,324.35,297.77,215.85,155.4,118.1,4.45,-27.88,-96.15,-102.1,-109.4,129.15,85.02,2.8062,-11.2955,-29.0644
"2014-11-28",-10.3,-42.375,-117.65,-136.675,-125.65,12.75,-14.275,-76.8,-106.4,-95.475,33.05,16.9,-22.6,-41.95,-44.65,,,,,,107.2,75.08,13.42,-6.19,0.14,210.7,171.02,95.97,79.87,85.57,324.5,299.3,220.1,163.75,127.2,3.85,-29.15,-91.89,-99.95,-100.8,128.9,84.15,7.0262,-9.6355,-26.5144
"2014-12-31",-21.43,-66.85,-138.875,-147.625,-130.67,-2.355,-38.625,-93.775,-108.125,-94.295,21.4,-5.02,-40.65,-52.1,-46.27,,,,,,102.13,63.14,1.19,-6.06,9.36,184.52,128.3,48.67,54.75,72.9,311.852,270,193.15,145,124.03,-8.23,-52.5,-108.15,-108.4,-101.72,94.17,35.55,-35.7438,-33.6455,-38.4344
"2015-01-30",-10.7,-35,-84.33,-95.33,-87.54,9.525,-10.825,-46.83,-63.43,-53.1,27.45,11.55,-16.63,-32.48,-31.2,-83.6,-112.45,-157.83,-144.13,-119.65,58.4,21.5,-29.85,-21.93,2.5,173.325,130.975,77.545,70.395,76.975,301.65,268.6,201.12,149.97,124.3,-14.6,-42,-79.28,-83.179,-74.7,82.4,44.95,-9.3738,-5.8255,-6.3644
"2015-02-27",-18.5,-55.15,-114.66,-120.33,-111.46,2.35,-28.65,-78.96,-92.655,-77.06,22.35,7.03,-12.81,-20.38,-19.06,-97.35,-130.55,-168.96,-159.73,-141.06,51.95,7.2,-55.66,-45.23,-17.71,144.68,102.2,36.54,41.47,54.69,292.761,252.15,178.04,128.17,102.14,-20.95,-54.3,-96.76,-97.029,-90.56,88.05,40.35,-19.3038,-17.9255,-17.7744
"2015-03-31",-18.1,-49.7,-104.75,-123.03,-135.475,9.4835,-15.3,-59.675,-77.605,-67.5,19.11,3.75,-20.95,-30.93,-29.5,-93.025,-122.65,-153,-149.43,-144.4,56.1,15.6,-34.95,-28.6175,0.23,131.35,92.7,42.125,38.57,43.82,289.85,252.45,187.7,140.32,113.95,-35.4,-67.3,-100,-103.18,-108.1,101.65,57.4,3.2062,-8.0255,-11.6144
"2015-04-30",-22.1625,-49.12,-101.43,-120.8375,-129.6125,8.475,-15.82,-64.255,-87.8,-79.8,24.1,12.18,-11.08,-20.2,-20.35,-91.38,-119.07,-155.98,-157.9,-158.45,65.5,31.18,-18.83,-17.8625,4.1,144.951,106.805,61.095,52.45,55.6,288.361,248.68,185.57,145.9,116.8,-40.95,-69.77,-102.13,-105,-109.2,108.13,70.08,22.5762,5.8045,-5.8144
"2015-05-29",-22.23,-53.025,-106.5,-115.585,-117.195,7.52,-18.825,-67.85,-91.1,-79.075,17.21,2.5,-22.85,-35.75,-38.3,-100.13,-131.5,-167.55,-162,-157.9,55.27,19.39,-29.05,-22.52,-2.3,136.645,99.8,53.525,51.8,62.2,264.01,229.55,174.15,136.55,117.7,-50.73,-79.2,-106.85,-100.3,-98.55,101.47,59.5,9.2062,-6.1455,-24.0144
"2015-06-30",-23.125,-56.19,-107.7,-113.33,-107.3625,3.55,-23.565,-79.4,-113.655,-106.825,20.85,10.76,-18.1,-39.83,-47.9,-110.075,-144.59,-177.3,-170.18,-167.85,47.05,6.931,-46.788,-35.2178,-12.382,139.943,105.81,60.8,63.57,75,239.3,200.06,141.3,110.57,93.5,-49.95,-77.44,-100.2,-94.43,-89.75,89.95,48.36,3.9262,-4.8855,-24.4144
"2015-07-31",-32.725,-62.32,-107.225,-108.79,-101.275,0.15,-24.22,-70.275,-98.815,-88.805,19.2,11.28,-9.1,-28.29,-36.38,-106.7,-138.97,-172.05,-159.19,-157.28,23.3,-7.87,-50.65,-27.96,-9.33,130.55,94.805,54.75,54.56,68.07,219,182.43,129.55,109.76,96.52,-57.201,-86.82,-107.15,-95.59,-88.68,77.31,36.83,-12.4938,-14.3655,-28.6444
"2015-08-31",-34.975,-61.15,-99.63,-93.97,-82.07,-0.05,-23.45,-69.88,-100.27,-90.495,17.9,4.65,-17.3,-32.14,-32.57,-105.36,-135.25,-165.18,-158.37,-153.17,24.18,-7.75,-50.23,-34.72,-4.57,123.589,88.2,47.11,55.0025,74.39,203.4,170.75,122.37,97.58,90.08,-63.85,-90.45,-108.08,-97.22,-92.17,60.65,20.95,-25.6738,-27.7655,-37.5844
"2015-09-30",-26.1175,-47.44,-79.86,-80,-73.37,10.545,-4.54,-39.505,-73.95,-74.795,20.47,10.81,-6.48,-23.8,-29.97,-96.705,-120.19,-142.18,-133,-123.82,39.28,13.79,-23.48,-17.34,0.25,133.451,101.96,67.395,66.875,75.205,204.96,179.16,144.47,119.45,103.78,-55.33,-72.04,-80.73,-68.8,-63.02,62.42,27.76,-9.5638,-8.3155,-21.3844
"2015-10-30",-38.25,-63.69,-94.755,-87.5,-76.38,8.816,-11.14,-49.23,-82.4,-83.68,15.85,6.41,-9.23,-16.25,-21.18,-111.21,-140.94,-168.03,-150.55,-138.63,43.97,13.98,-25.61,-14.9,4.38,122.2,89.48,49.52,61.82,76.77,206.55,175.061,135.27,116.95,108.77,-62.6,-84.69,-94.93,-73.3,-57.53,55.001,17.66,-19.5738,-14.6455,-26.4444
"2015-11-30",-50.75,-80.655,-108.865,-91.15,-74.4,4.5,-16.905,-49.805,-74.85,-79.65,5.1,-8.88,-22.53,-26.3,-30.95,-122.475,-161.43,-176.03,-156.5,-140.35,39.06,8.59,-27.98,-15.3625,4.5,133.647,99.47,65.57,74.65,89.85,190.743,158.221,125.82,115.65,109.55,-83.1,-102.28,-99.68,-70.1,-48.2,41.65,-1.93,-36.2738,-26.9955,-35.4144
"2015-12-31",-78.73,-104.025,-119.89,-96.55,-78.67,-19.461,-42.275,-74.215,-97.3,-103.1,-12.48,-16.1,-23.94,-24.35,-27.25,-130.38,-157.8,-174.69,-155.75,-139.6,13.78,-20.4,-52.1,-32.8125,-7.44,117.67,83.65,52.16,78.68,108.325,177.777,150.35,128.81,122.1,120.1,-98.23,-113.75,-94.94,-60.6,-42.15,16.42,-24.7,-52.2838,-35.5455,-41.6144
"2016-01-29",-66.65,-78.705,-94.1125,-85.35,-76.15,-9.488,-14.845,-33.85,-62.425,-68.337,-3.6,-9.68,-20.4,-24.1,-27.05,-126.33,-136.58,-146.45,-136.85,-128.9,21.15,0.3,-29.93,-20.8875,2.53,126.95,101.87,75.9,80.2,111.35,179.15,163.97,143.4,132.95,129.6,-85.3,-94.28,-81.59,-56.3,-41.9,32.59,4.77,-18.1938,-16.9455,-27.6644
"2016-02-29",-70.45,-75.83,-79.555,-67.6,-66.07,-19.375,-23.53,-27.48,-51.25,-66.52,0.1,-8.48,-24.58,-23.15,-24.22,-138,-142.43,-136.93,-125.075,-124.57,26.1,9.72,-21.105,-20.95,-8.09,120.754,99.095,76.945,82.5,103.18,155.58,140.47,128.27,118.7,115.63,-99.25,-102.08,-81.48,-47.7,-34.37,27,4.87,-4.4738,-1.8955,-14.1844
"2016-03-31",-69.225,-75.48,-82.28,-75.45,-74.7,-21.501,-25.705,-30.9,-57.5125,-87.45,1.1,-4.83,-18.6,-20.3,-22.65,-129.64,-136.43,-134.4,-126.45,-123.4,35.06,20.28,-12.56,-12.5825,3.23,129.75,108.495,82.425,82.4,103.15,131.75,119.37,108.8,102.9,113.4,-96.95,-98.38,-79.55,-52.55,-33.87,23.75,-1.13,-22.7438,-23.7455,-38.5144
"2016-04-29",-74.7175,-83.965,-88.795,-73.4975,-66.9875,-28.704,-38.64,-49.17,-75.41,-109.5,-5.48,-9.04,-17.595,-18.71,-18.7,-130.73,-139.89,-145.77,-132.51,-134.1,46.23,31.58,-0.935,-3.88,12.82,118.567,99.985,73.58,78.4337,102.625,133.92,115.86,99.88,95.59,102.012,-99.03,-101.991,-79.42,-51.41,-32,29.02,8.46,-5.5138,-4.3055,-19.2144
"2016-05-31",-82.65,-97.35,-107.505,-87.6,-75.35,-34.229,-45.82,-52.155,-67.645,-99.825,-15.1,-22.9,-28.03,-23.6,-23.15,-136.47,-149.7,-155.78,-138.15,-135.45,29,11.125,-17.25,-17.785,-0.12,92.35,68.925,46.22,54.35,75.3,132.531,111.05,92.77,90.35,82.8,-108.3,-114.45,-95.28,-58.9,-38.1,20.85,-2.05,-12.6238,-6.0455,-19.6644
"2016-06-30",-58.5,-67.75,-79.975,-64.55,-65.505,-9.785,-14.57,-26.8,-53.65,-100.88,-13.45,-24.65,-42.275,-39.5,-37.955,-117.8,-129.95,-137.35,-127.4,-128.13,43.15,30.5,-0.65,-14.53,-3.02,107.7,89.55,64.57,60.35,72.745,145.45,132.3,108.7,96.1,89.12,-89.95,-93.1,-86.35,-63.25,-45.78,37.45,15.9,-3.2438,-3.7555,-17.3444
"2016-07-29",-69.05,-78.4,-88.11,-73.8,-66.63,-19.85,-24.3,-32.285,-51.45,-81.98,-24.85,-34.225,-45.985,-48.95,-42.755,-124.6,-129.55,-132.8,-119.2,-119.23,29.88,19.48,-5.1,-16.565,-7.13,81.9,66.575,52.36,45.66,52.27,111.9,98.2,81.64,72.3,71.02,-101.45,-105.65,-97.431,-70.25,-45.43,28.4,7.9,-5.3538,-3.3455,-12.6944
"2016-08-31",-86.775,-96.675,-101.655,-78.455,-59.505,-27.4125,-37.5125,-48.28,-60.105,-68.83,-45.1,-58.9,-71.775,-70.33,-59.605,-127.1,-137.45,-138.17,-120.48,-113.33,13.6,2.55,-20.43,-27.85,-15.93,57.65,41.175,21.97,31.395,58.045,94.216,75.55,57.72,52.77,64.42,-117.05,-124,-116.831,-86.18,-60.08,28,7.7,-7.0738,-8.6255,-9.5444
"2016-09-30",-82,-93.15,-101.105,-82.575,-69.33,-26.35,-36.925,-50.4425,-65.862,-75.03,-44.95,-57.12,-67.1,-66.625,-58.33,-128.35,-138.8,-142.13,-126.8,-124.03,13.18,3.15,-16.15,-27.175,-20.48,66.9,55.2,31.42,39.2,61.47,97.39,79.2,61.37,51.7,64.47,-110.85,-115.25,-110.59,-85.75,-60.78,38.95,22,10.0272,3.8045,-1.9444
"2016-10-31",-87.25,-96.225,-103.4,-85.49,-73.375,-34.225,-41.175,-59.975,-88.64,-98.375,-35.3,-43.1,-50.225,-51.485,-48.8,-132.35,-141.05,-147.74,-133.89,-132.7,10.41,-0.28,-23.42,-29.75,-23.45,65.15,55.2,45.02,46.97,63.8,94.9,86.95,77.4,69.61,82.05,-120.45,-127.65,-120.4,-91.74,-70.2,29.65,14.5,4.7562,-2.0055,-14.4144
"2016-11-30",-91.4925,-112.205,-140.47,-121.935,-105.48,-30.405,-48.905,-91.045,-127.035,-129.93,-42.38,-59.08,-83.72,-85.56,-79.08,-138.28,-162.03,-181.95,-162.91,-156.18,7.87,-8.02,-38.53,-42.2301,-30.25,58.77,44.97,29.33,38.43,62.945,87.29,80.22,73.38,77.148,98.82,-127.53,-143.68,-147.92,-116.81,-90.43,27.22,3.22,-19.7638,-21.8055,-28.5444
"2016-12-30",-100.415,-126.305,-158.87,-137.87,-114.21,-37.215,-61.48,-105.895,-131.92,-126.445,-58.19,-80.505,-111.77,-114.07,-106.07,-145.87,-170.23,-195.27,-175.42,-162.32,6.87,-12.28,-41.36,-41.17,-24.2601,56.16,41.27,25.73,36.08,62.43,82.29,81.27,77.145,73.58,91.43,-129.89,-148.98,-154.32,-123.47,-92.22,17.81,-12.18,-34.6138,-31.2155,-32.7844
"2017-01-31",-114.4525,-132.935,-150.355,-124.75,-101.6725,-52.952,-69.385,-101.605,-126.825,-122.66,-61.89,-75.01,-95.13,-95.475,-87.485,-160.28,-182.51,-194.72,-172.45,-160.66,-0.19,-18.36,-42.57,-39.135,-22.68,41.11,25.61,13.88,29.02,49.84,74.6,74.99,79.52,78.55,94.34,-136.04,-145.511,-139.28,-107.7,-76.41,8.76,-12.01,-38.18,-31.85,-33.8744
"2017-02-28",-126.355,-146.975,-170.345,-145.155,-117.655,-72.28,-88.2,-115.27,-133.255,-127.33,-80.48,-102,-128.57,-124.48,-112.88,-174.43,-200.95,-217.58,-193.88,-175.83,-18.98,-34.56,-54.2,-52.34,-31.45,30.22,17.3,13,31.98,57.67,57.65,56.05,62.98,68.87,89.42,-154.23,-167.675,-165.82,-130.48,-96.13,-1.13,-22.85,-46.12,-40.88,-38.0444
"2017-03-31",-140.2725,-154.21,-165.23,-140.985,-114.775,-87.36,-100.01,-125.355,-144.66,-141.675,-90.96,-103.56,-122.13,-121.66,-113.5,-184.52,-203.51,-215.37,-192.91,-181.8,-18.83,-34.91,-52.22,-53.47,-33.95,30.761,15.49,6.52,26.59,50.95,55.39,52.49,55.52,64.09,86.7,-162.26,-171.81,-161.08,-126.51,-90.05,-18.51,-37.81,-56.58,-47.16,-48.4644
"2017-04-28",-137.3,-147,-150.22,-123.44,-97.14,-87.562,-95.875,-113.2075,-129.315,-128.69,-89.35,-100.85,-114.97,-112.865,-104.94,-185.23,-197.25,-201.91,-178.69,-167.94,-19.5,-31.66,-49.44,-53.6651,-32.75,23.25,12.175,9.98,27.685,52.685,53.08,54.914,65.86,72.57,92.06,-162.55,-168.25,-152.82,-115.14,-76.94,-15.1,-29.35,-40.52,-31.94,-31.4044
"2017-05-31",-133.15,-142.55,-142.75,-112.485,-86.5,-82.9,-90.175,-101.25,-115.585,-115.0375,-87.4,-97.3,-106.92,-104.36,-95.8,-177.4,-189.8,-192.7,-168.71,-153.85,-16.43,-25.5,-40.36,-43.02,-16.75,22.85,11.25,2.25,24.165,48.4,56.6,56.2,61.21,65.612,82.4,-155.751,-161.4,-147.7,-110.41,-70.65,-16.8,-30.1,-40.1,-30.46,-29.5644
"2017-06-30",-147.535,-152.605,-146.075,-114.875,-88.03,-102.335,-110.155,-127.2375,-141.1,-131.88,-89.06,-90.15,-97.425,-95.65,-83.23,-183.01,-191.78,-195.5,-173.1,-161.63,3.68,-0.03,-10.45,-21.05,-3.3,21.79,20.03,14.95,36.525,61.745,54.71,57.72,66.2,70.129,86.37,-165.73,-162.08,-139.8,-101.55,-58.88,-31.56,-39.28,-40.7,-28,-28.8944
"2017-07-31",-148.53,-153.95,-141.86,-106.4275,-79.35,-99.575,-104.495,-116.52,-133.205,-128.015,-94.55,-97.97,-100.87,-96.68,-85.015,-185.47,-190.87,-186.94,-162.08,-152.64,27.77,24.74,15.585,5.4,16.875,16.834,14.75,18.605,35.045,52.335,48.23,48.045,59.73,67.42,81.11,-165.95,-162.57,-132.47,-93.33,-55.39,-34.7,-38.62,-31.02,-20.53,-22.1044
"2017-08-31",-144.1775,-146.985,-134.475,-99.835,-72.92,-91.103,-94,-105.4625,-124.565,-115.415,-92.5,-94.925,-95.625,-92.21,-81.09,-183.86,-186,-179.07,-155.81,-144.79,30.81,28.98,18.78,7.31,14.67,25.65,26.25,37.655,46.43,57.21,48.37,50.25,63.35,71.31,83.71,-160.2,-153.75,-123.15,-86.29,-50.49,-30.999,-33.4,-28.8,-16.79,-16.5544
"2017-09-29",-155.63,-165.265,-150.4275,-111.725,-79.285,-109.405,-118.35,-128.39,-142.725,-128.825,-86.83,-89.17,-89.385,-88.92,-77.15,-195.15,-202.85,-196.57,-168.1,-145.95,38.4,33.26,20.63,8.64,22.66,17.595,15.15,22.86,42.275,58.3,35.04,32.088,47.86,57.31,74.3,-169.13,-168.85,-137.64,-98.8,-57.95,-44.78,-52.65,-43.84,-30.35,-24.4144
"2017-10-31",-162.2824,-174.23,-164.525,-125.54,-91.235,-114.845,-123.28,-134.8,-145.67,-130.61,-86.23,-91.3675,-98.1575,-100.645,-92.005,-202.83,-212.53,-208.77,-180.92,-162.11,24.86,17.74,3.42,-5.51,8.13,1.595,-3.405,-2.55,22.705,39.64,26.337,19.97,29.69,44.08,56.64,-180.78,-183.03,-156.8,-115.42,-76.11,-52.78,-62.63,-55.85,-39.92,-35.8244
"2017-11-30",-176.5073,-188.06,-170.9,-129.55,-95.56,-131.382,-142.55,-149.7125,-153.8,-135.035,-97.12,-101.8,-101.47,-103.17,-95.16,-212.57,-221.8,-213.61,-183.3,-160.66,10.18,3.07,-8.57,-17.71,-1.34,-7.171,-18.05,-18.9,4.445,22.09,7.764,2.95,15.7,35.584,46.34,-195.92,-196.8,-169.1,-126,-84.66,-68.32,-79.8,-73.9,-53.95,-46.5744
"2017-12-29",-192.9825,-198.315,-167.22,-124.275,-90.065,-146.92,-154.6125,-160.745,-157.05,-133.7625,-115.8575,-123.45,-119.445,-115.45,-105.5,-233.04,-238.05,-218.09,-185.55,-160.7,19.46,20.7,12.67,3.35,14.3,-13.745,-18.93,-7.51,12.45,26.7,-6.139,-4.88,18.09,38.2,53.3,-202.97,-200.79,-160.22,-116.8,-74.45,-78.67,-83.9,-64.17,-41.7,-30.9644
"2018-01-31",-208.405,-219.695,-187.155,-143.125,-113.945,-162.162,-179.19,-191.93,-188.737,-161.02,-125.25,-130.96,-126.13,-120.85,-109.12,-249.99,-256.44,-235.83,-200.3,-167.27,19.35,9.97,0.21,-7.815,-1.92,-34.854,-42.565,-32.305,-3.55,12.23,-32.6,-37.59,-14.68,13.45,32.73,-220.1,-220.99,-178.53,-131.1,-97.72,-93.65,-99.89,-78.63,-54.2,-41.2344
"2018-02-28",-228.14,-238.895,-207.64,-158.7675,-130.18,-181.87,-197.33,-208.015,-205.105,-181.305,-132.9825,-140.75,-139.94,-137.13,-132.43,-268.37,-276.33,-253.74,-212.48,-172.93,-13.68,-15.89,-20.9,-25.73,-20.16,-64.204,-70.83,-58.39,-22.455,-6.405,-56.63,-62.1,-37.64,-8.98,10.57,-245.62,-247.63,-206.14,-152.73,-118.93,-98.52,-103.33,-79.14,-53.48,-40.8444
"2018-03-30",-246.845,-252.025,-215.025,-165.145,-131.525,-205.125,-213.65,-212.6125,-203.895,-175.975,-136.5,-140.8,-139.85,-141.67,-142.3,-288.5,-289.15,-260.3,-215.77,-172.1,-26.71,-24.2,-24.02,-30.17,-23.38,-64.8,-71.53,-59.68,-28.795,-16.625,-66.2,-65.4,-41.99,-13.77,8.9,-258.25,-257.15,-210.55,-157.27,-121.55,-101.75,-102.15,-77.8,-56.77,-44.8144
"2018-04-30",-262.195,-271.38,-235.66,-182.44,-149.14,-216.705,-228.98,-231.96,-221.19,-192.04,-158.155,-165.38,-162.61,-156.84,-149.94,-302.33,-307.48,-276.88,-228.94,-187.04,-33.64,-31.76,-30.64,-31.88,-26.12,-70.885,-81.11,-70.59,-38.34,-25.55,-69.79,-74.23,-49.96,-17.44,9.71,-273.78,-275.68,-229.66,-171.64,-135.69,-120.08,-123.98,-101.96,-75.19,-63.0044
"2018-05-31",-254.645,-263.5775,-236.12,-186.8375,-152.085,-214.848,-223.99,-222.495,-213.012,-185.56,-171.825,-176.14,-168.12,-159.55,-150.96,-303.95,-312.49,-281.76,-233.2,-191.81,-29.64,-25.14,-23.71,-28.8,-24.94,-69.697,-76.74,-68.12,-31.2,-17.81,-67.6,-73.52,-52.32,-22.126,3.19,-269.55,-269.89,-230.27,-172.75,-134.11,-126,-131.74,-108.62,-78.45,-67.5244
"2018-06-29",-277.2675,-287.855,-254.01,-196.4,-156.3775,-230.075,-241.305,-235.135,-221.5375,-194.215,-179.56,-185.9,-175.885,-164.5,-151.29,-321.51,-330.18,-295.22,-242.1,-200.09,-49.1,-46.48,-41.41,-43.55,-35.2012,-78.035,-92.305,-86.51,-42.225,-22.34,-79.96,-92.43,-69.26,-31.6,-4.34,-285.26,-287.73,-245.11,-184.8,-139.54,-133.26,-137.68,-114.01,-84.1,-73.0544
"2018-07-31",-286.045,-295.315,-255.01,-197.305,-157.34,-238.8225,-251.695,-242.635,-224.33,-192.8775,-174.7975,-184.77,-174.385,-163.705,-149.665,-330.76,-339.32,-299.06,-243.33,-199.94,-34.59,-39.36,-39.74,-37.3551,-25.09,-94.753,-108.07,-95.76,-54.83,-36.1,-98.96,-107.57,-79.01,-40.58,-12.865,-290.91,-293.07,-245.36,-186.279,-140.19,-136.01,-137.32,-107.509,-80.83,-70.9544
"2018-08-31",-278.235,-284.97,-247.245,-192.025,-153.78,-231.025,-240.12,-225.77,-206.425,-175.38,-173.0125,-178.66,-166.59,-159.88,-147.73,-327.59,-332.87,-294.17,-239.05,-196.13,-25.07,-29.98,-32.77,-33.5,-22.5796,-104.229,-118.87,-100.895,-63.315,-40.505,-104.4,-119.12,-94.27,-54.8,-27.755,-284.4,-283.77,-239.37,-181.85,-134.33,-134.35,-134.62,-104.77,-78.8,-70.1444
"2018-09-28",-285.125,-294.65,-253.385,-199.45,-163.26,-241.495,-256.325,-246.06,-226.55,-194.985,-183.1925,-190.1,-175.51,-167.65,-156.81,-335.27,-344.2,-301.16,-244.8,-204.61,-21,-27.96,-33.26,-32.21,-22.79,-111.13,-124.65,-104.06,-62.675,-41.235,-113.43,-129.7,-106.56,-68.05,-40.86,-288.23,-287.2,-241.76,-186.85,-144.31,-138.71,-139.95,-108.06,-82.05,-72.3744
"2018-10-31",-299.545,-307,-265.8325,-213.73,-181.05,-253.305,-264.225,-251.945,-237.28,-212.475,-201.705,-206.825,-191.345,-187.08,-180.05,-346.81,-353.22,-311.42,-256.53,-223.1,-19.78,-24.12,-25,-28.4,-23.3501,-123.43,-134.975,-116.445,-77.78,-60.6,-122.37,-134.42,-112.07,-76.03,-53.1,-296,-293.85,-250.07,-200.23,-164.05,-143.93,-145.25,-116.72,-92.73,-90.1144
"2018-11-30",-307.91,-304.88,-260.25,-207.7,-173.62,-259.9,-259.545,-241.5,-227.85,-207.02,-194.55,-193.98,-180.07,-176.295,-163.895,-352.62,-349.17,-306.05,-252.35,-219.89,-30.75,-30.79,-27.17,-26.36,-17.89,-120.623,-121.42,-95.5,-59.35,-48.82,-111.15,-110.01,-80.62,-50.35,-29.77,-302.85,-293.88,-246.617,-196.03,-162.77,-150.45,-143.92,-111.45,-86.95,-85.7344
"2018-12-31",-295.725,-278.175,-230.625,-181.455,-150.49,-245.775,-230.45,-207.875,-201.78,-189.34,-184,-167.9,-150.8,-159.805,-158.615,-342.3,-323.2,-277.25,-228.78,-199.96,-29.23,-24.9,-19.75,-18.03,-7.24,-104.475,-102.2,-80.75,-50.155,-41.715,-104.17,-95.59,-67.37,-44.03,-25.09,-277.701,-255.2,-207.75,-166.28,-136.34,-136.4,-113.8,-79.4,-61.68,-64.5544
"2019-01-31",-284.34,-271.1975,-231.905,-189.055,-157.71,-241.815,-228.718,-205.53,-195.705,-183.36,-174.715,-162.77,-142.93,-146.505,-142.385,-332.44,-317.03,-277.85,-229.33,-195.98,-28.34,-25.18,-21.38,-21,-6.91,-102.415,-102.03,-88.53,-57.83,-49.61,-97.81,-94.78,-76.155,-53.08,-33.11,-265.64,-249.03,-209.58,-172.53,-143.31,-122.39,-104.33,-75.48,-64.13,-63.0744
"2019-02-28",-282.61,-269.885,-233.79,-194.37,-164.025,-242.985,-232.9,-210.89,-199.8325,-185.1125,-174.06,-161.2175,-142.5225,-145.855,-144.17,-328.61,-316.15,-280.99,-235.27,-202.05,-29.01,-26.41,-24.64,-24.675,-12.92,-112.51,-113.445,-98.89,-69.77,-59.05,-98.39,-97.09,-83.66,-64.77,-46.3,-257.26,-243.65,-209.497,-178.97,-150.5,-116.36,-101.45,-74.19,-64.02,-65.2644
"2019-03-29",-273.4,-254.96,-223.4475,-187.4375,-158.5,-232.4125,-214.74,-190.53,-181.5375,-171.4,-171.85,-157.77,-138.115,-140.14,-138.695,-318.84,-299.24,-268.33,-226.85,-196.15,-32.5,-28.07,-26.6,-25.085,-10.3,-120.68,-115.56,-99.155,-73.725,-61.77,-98.462,-94.18,-78.79,-61.35,-43.15,-243.623,-221.49,-192.03,-165.65,-140.15,-93.7,-70.74,-50.13,-46.35,-49.6644
"2019-04-30",-268.15,-250.6425,-221.3725,-188.8,-160.045,-225.76,-209.38,-190.698,-185.25,-175.032,-161.31,-142.4325,-124.5975,-132.175,-133.09,-315.98,-299.38,-267.31,-227.75,-197.84,-33.91,-29.21,-30.06,-28.9,-16.52,-132.935,-125.255,-106.76,-80.455,-68.63,-97.728,-90.13,-78.51,-63,-42.72,-243.914,-224.13,-195.36,-169.2,-147.47,-83.16,-60.83,-41.61,-40,-45.6844
"2019-05-31",-242.31,-216.415,-191.04,-163.475,-138.835,-195.71,-169.315,-151.615,-146.775,-139.585,-139.26,-115.665,-106.84,-114.475,-115.835,-286.96,-263.19,-238.36,-203.9,-174.58,-7.66,-0.01,-6.43,-9.11,3.11,-113.971,-99.315,-88.115,-68.9,-56.085,-87.142,-71.69,-63.61,-52.15,-33.96,-210.137,-182.89,-161.591,-143.11,-122.96,-43.11,-12.89,-7.04,-12.75,-19.6744
"2019-06-28",-229.295,-209.725,-187.41,-164.66,-144.17,-176.1196,-157.05,-144.885,-141.66,-138.47,-121.42,-104.425,-96.81,-107.185,-109.77,-266.74,-251.17,-229.13,-198.16,-174.97,10.98,16.8,5.05,-6.5,1.67,-112.608,-98.8,-88.788,-70.16,-61.345,-71.788,-63,-58.26,-51.16,-37.72,-196.52,-176.7,-159.01,-142.41,-124.42,-16.97,2.1,0.64,-9.11,-19.6844
"2019-07-31",-238.175,-222.385,-200.4825,-177.81,-157.69,-175.8,-156.735,-137.72,-131.185,-127.69,-131.75,-123.785,-119.77,-125.41,-122.89,-272.55,-260.73,-238.34,-202.68,-177.31,8.1,10.98,6.58,-1.87,6.78,-138.05,-130.485,-110.963,-90.56,-79.315,-99.11,-87.86,-77.72,-66.56,-49.69,-205.96,-190.66,-173.137,-154.81,-133.69,-15.5,-1.46,-1.02,-11.61,-19.4044
"2019-08-30",-217.26,-195.24,-169.89,-146.675,-133.4,-150.66,-125.1675,-99.715,-89.4,-87.225,-108.135,-88.48,-77.85,-87.75,-95.8,-257.8,-236.1,-206.09,-173.9,-154.72,21.79,32.64,31.58,24.98,36.26,-119.885,-99.86,-80.742,-60.96,-55.6,-94.879,-79.98,-65.34,-53.65,-37.6,-178.75,-158.58,-138.59,-119.2,-106.35,8.24,24.32,25.509,21.3,10.6856
"2019-09-30",-214.095,-198.39,-179.215,-156.215,-139.535,-160.54,-142.44,-121.359,-107.39,-95.365,-116.62,-106.8025,-102.0425,-107.515,-110.89,-251.4,-232.69,-209.47,-177.64,-158.11,40.59,43.27,34.01,24.49,32.06,-118.105,-103.615,-92.978,-70.515,-61.115,-97.755,-89.24,-82.57,-71.39,-54.99,-176.035,-160.34,-146.67,-129.94,-115.99,15.83,28.31,24.23,17.16,6.7956
"2019-10-31",-201.49,-187.665,-169,-148.82,-131.68,-147.215,-132.765,-115.325,-107.42,-102.655,-99.865,-92.05,-89.35,-98.8425,-101.7625,-236.14,-221.39,-199.2,-171.42,-152.28,38.51,41.84,36.65,26.03,30.4,-99.99,-91.26,-76.542,-62.295,-57.68,-83.251,-73.64,-66.45,-57.92,-42.28,-147.4,-134.39,-125,-117.17,-109.48,30.51,40.51,34.45,24.38,10.6556
"2019-11-29",-204,-190.95,-176.1325,-156.145,-139.05,-146,-133.6,-121.645,-114.645,-107.325,-103.675,-95.38,-91.895,-99.02,-100.85,-241.45,-227.85,-211.22,-184.77,-160.6999,41.65,43.24,34.46,24.395,28.04,-115.75,-110.58,-99.538,-77.52,-70.7,-70.377,-66.35,-64.77,-59.27,-43.45,-147.403,-134.05,-124.69,-116.07,-107.45,24.9,33.65,25.98,16.58,4.5856
"2019-12-31",-207.695,-194.935,-178.2,-160.7,-141.69,-150.625,-138.825,-130.35,-132.625,-128.89,-110.325,-102.67,-98.555,-106.06,-110.465,-242.95,-230.95,-209.85,-187,-166.89,45.95,49.27,42.41,31.88,34.58,-111.2,-100.78,-87.36,-67.58,-56.765,-67.917,-62.15,-54.02,-47,-32.39,-150.25,-139.9,-132.1,-123.75,-119.39,17.6,26.85,24.3,15.05,1.9456
"2020-01-31",-186.815,-170.91,-156.245,-141.76,-128.59,-130.015,-112.445,-98.42,-95.51,-91.14,-91.09,-80.545,-76.795,-88.41,-95.565,-220.28,-206.27,-190.97,-173.26,-151.89,48.61,51.54,43.74,32.6,39.13,-105.365,-96.39,-81.85,-67.88,-56.64,-50.482,-44.07,-39.67,-39.51,-25.64,-123.79,-109.911,-105.401,-103.57,-100.64,35.71,42.88,34.33,25.34,8.2956
"2020-02-28",-145.915,-131.68,-124.6675,-118.4,-107.7,-89.25,-74.168,-69.555,-67.725,-65.4,-56.925,-47.705,-49.31,-60.345,-66.225,-184.81,-174.73,-167.33,-151.35,-131.9,65.95,64.16,55.75,49.59,56.04,-78.3,-70.48,-57.169,-50.225,-42.52,-38.452,-30.7,-35.3,-31.35,-16.15,-87.55,-80.08,-79.978,-83.951,-82.65,63.45,62.87,50.67,44.45,26.6356
"2020-03-31",-96.32,-72.41,-62,-57.23,-51.81,-17.82,0.14,0.175,-6.03,-6.31,-23.645,-10.1175,-8.9975,-22.0525,-27.605,-131.44,-108.46,-88.2,-72.03,-54.31,32.73,46.56,57.93,52.54,71.21,-67.6,-42.34,-23.387,-7.405,-0.185,-59.728,-29.46,-24.66,-20.03,-2.06,-42.07,-25.46,-23.45,-30.93,-34.51,15.43,25.84,31.95,37.22,29.7756
"2020-04-30",-64.42,-59.15,-61.045,-64.09,-65.35,-6.41,5.185,8.495,1.775,2.515,7.33,4.275,-4.3,-26.34,-40.695,-98.42,-94.25,-93.12,-83.23,-70.8,49.32,50.88,51.77,51.19,70.82,-43.57,-30.37,-17.89,1.02,10.58,-53.047,-44.38,-36.08,-22.48,-3.05,-13.52,-13.766,-20.708,-31.64,-34,22.03,26.3,27.13,27.52,20.4856
"2020-05-29",-50.455,-46.495,-50.285,-59.0425,-63.8925,3.145,12.745,16.415,7.445,7.295,-6.73,-4.405,-9.96,-30.105,-48.38,-91.18,-85.38,-84.71,-79.955,-73.805,46.72,50.31,51.45,44.75,58.18,-29.905,-20.67,-15.928,-5.08,5.07,-30.293,-29.66,-30.55,-27.83,-17.43,-4.93,-3.181,-9.547,-24.44,-34.28,14.82,19.27,20.89,21.62,10.4066
"2020-06-30",-59.7,-53.945,-53.97,-61.95,-62.455,5.408,14.659,17.565,2.858,2.753,-9.725,-9.67,-16.27,-35.325,-47.755,-84.9,-79.97,-74.87,-75.2,-66.93,56.35,58.76,60.51,52.3,63.22,-29.72,-21.84,-16.586,-3.2,0.57,-18.35,-20.8,-22.54,-23.45,-13.43,-9.3,-7.787,-12.426,-26.51,-36.58,23.4,28.88,37.03,30.8,17.6056
"2020-07-31",-61.06,-56.14,-52.1,-55.935,-55.1,2.04,9.92,15.5,6.34,6.475,-13.41,-15.115,-20.3,-34.585,-40.685,-86.76,-81.39,-74.3,-72.16,-63.15,61.14,62.1,61.86,53.24,67.26,-16.71,-11.98,-11.127,-0.91,5.6,-3.71,-8.39,-16.25,-17.91,-6.4,-9.211,-4.253,-3.532,-15.91,-21.85,22.74,28.96,37.55,38.39,28.0356
"2020-08-31",-63.56,-60.43,-59.325,-70.08,-73.81,0.615,7.275,8.625,-12.255,-22.16,-15.515,-18.72,-23.355,-40.63,-49.74,-88.06,-84.26,-79.1,-82.23,-80.06,58.66,57.3,60.1,50.07,57.97,-21.86,-18.685,-11.173,-4.23,-2.81,-16.509,-26.01,-33.6,-38.23,-35.31,-16.76,-14.26,-13.71,-29.37,-41.41,18.74,28.59,43.6,37.87,19.0256
"2020-09-30",-65.995,-64.745,-67.305,-78.725,-86.45,-4.945,1.355,3.19,-17.49,-28.18,-16.615,-19.925,-26.375,-45.855,-58.25,-92.83,-91.52,-90.56,-95.49,-95.93,62.73,60.47,60.24,47.68,54.12,-20.825,-20.1,-22.868,-14.175,-10.2425,-10.823,-23.02,-36.435,-45.99,-44.18,-14.32,-15.421,-21.56,-38.88,-54.93,21.68,24.78,27.84,18.11,-3.7944
"2020-10-30",-67.93,-72.395,-84.035,-101.755,-111.64,-3.42,-1.625,-9.685,-35.73,-46.565,-18.315,-23.215,-36.76,-62.895,-75.37,-93.26,-96.27,-102.61,-114.98,-114.94,58.58,56.87,53.52,39.33,46.63,-20.47,-23.015,-31.522,-28.855,-24.44,-13.851,-27.02,-46.81,-61.23,-54.94,-16.82,-20.07,-33.11,-57.69,-74.94,24.53,24.58,24.24,7.42,-14.8544
"2020-11-30",-66.21,-67.285,-77.28,-93.46,-99.48,-3.82,-2.36,-10.83,-34.555,-43.83,-16.535,-17.725,-27.4875,-50.085,-62.26,-88.92,-88.91,-93.33,-102.77,-102.08,62.33,61.59,62.08,48.51,52.61,-18.495,-19.34,-21.266,-12.93,-1.7925,4.81,-2.035,-9.58,-20.43,-14.33,-13.32,-14.66,-25.08,-46.88,-61.58,21.68,27.04,38.57,28.17,6.5056
"2020-12-31",-66.105,-65.25,-79.075,-103.26,-112.455,-2.465,2.22,-11.25,-42.78,-54.305,-19.34,-18.275,-33.15,-65.68,-82.745,-87.08,-87.2,-95.44,-111.12,-114.93,58.56,60.13,59.23,44.7,48.54,-16.028,-14.5,-15.52,-13.155,-12.805,16.6674,12.105,2.08,-19.03,-18.18,-11.59,-8.9,-21.2,-50.78,-69.68,26.41,37.201,52.6,36.621,9.8056
"2021-01-29",-64.34,-65.405,-87.915,-116.515,-123.81,-3.915,0.66,-22.915,-63.065,-68.185,-15.59,-12.01,-33.205,-69.405,-85.95,-83.94,-84.38,-102.54,-122.44,-123.81,58.91,57.33,55.11,38.55,45.86,-13.09,-11.907,-18.661,-12.44,-9.31,16.231,16.37,6.71,-15.19,-13.56,-9.14,-10.23,-31.19,-63.74,-80.56,35.41,48.07,50.71,27.26,-0.5244
"2021-02-26",-60.785,-63.405,-106.23,-131.93,-128.995,-1.885,0.88,-44.855,-88.455,-89.145,-8.36,-1.34,-28.685,-59.7425,-72.25,-79.77,-81.93,-112.98,-128.83,-120.52,51.94,61.43,62.44,41.52,46.79,-20.61,-20.555,-20.116,-2.08,13.305,9.8234,13.82,17.32,19.42,30.73,-9.61,-9.08,-37.93,-63.93,-71.22,40.74,57.27,54.771,32.57,12.8156
"2021-03-31",-66.3775,-72.96,-133.3675,-163.31,-157.55,-5.105,-5.72,-69.23,-118.935,-123.1,-7.025,-6.235,-49.855,-88.335,-102.43,-85.48,-89.4099,-141.86,-162.31,-152.845,52.97,57.18,54.45,38.04,44.73,-17.66,-18.931,-35.675,-19.231,-6.975,13.4597,12.64,-12.98,-15.56,-2.1,-10.48,-15.71,-66.822,-97.71,-105.6,42.02,61.79,38.97,5.79,-14.5644
"2021-04-30",-68.18,-71.495,-116.415,-140.675,-134.8925,-7.155,-5.96,-61.915,-109.9,-114.28,-6.72,-2.905,-35.285,-71.23,-90.7175,-85.73,-87.74,-127.04,-145.5,-137.53,52.42,60.82,58.39,44.3,51.8,-16.614,-18.027,-30.474,-13.38,-2.38,13.6993,11.75,-5.44,-10.4,2.22,-11.28,-13.864,-53.033,-79.65,-85.73,42.293,61.94,44.21,14.6,-8.2444
"2021-05-31",-64.5,-69.645,-116.125,-141.825,-141.96,-4.909,-6.535,-60.023,-107.432,-111.324,-3.67,-1.98,-37.35,-74.4,-92.82,-83.562,-87.63,-127.24,-144.85,-139.09,58.35,68.78,64.1,45.935,51.52,-8.625,-9.35,-20.14,-11.73,2.705,24.3433,32,26.64,12.4,24.28,-6.895,-9.5,-45.61,-73.6,-76.969,52.2,71.75,53.99,19.1,-5.3344
"2021-06-30",-64.28,-73.93,-119.41,-127.59,-119.105,-7.53,-15.01,-68.26,-97.115,-92.805,0.2951,-1.565,-39.5,-63.315,-76.48,-84.8873,-93.12,-131.51,-135.54,-122.18,63.12,76.22,66.09,51.61,58.02,-10.53,-10.995,-25.885,-13.09,-5.555,34.5998,41.75,22.25,11.76,22.32,-6.08,-14.604,-54.22,-69.3,-69.43,60.07,76.83,49.89,20.26,-0.8444
"2021-07-30",-62.29,-70.365,-112,-125.2325,-122.665,-2.54,-9.765,-52.3,-84.245,-87.915,6.2247,8.17,-27.93,-60.32,-81.415,-84.8102,-91.69,-126.3,-131.72,-127.04,66.98,78.34,66.78,52.93,57.42,-7.94,-8.775,-26.828,-22.095,-23.79,75.42,79.73,51.45,25.13,21.46,-5.04,-13.341,-52.337,-72.83,-78.29,67.76,79.66,52.4,21.83,-6.0044
"2021-08-31",-61.36,-72.275,-117.245,-128.525,-121.42,-1.135,-11.135,-62.245,-92.625,-92.47,9.5547,9.505,-30.14,-59.83,-77.87,-85.8284,-95.74,-132.37,-135.14,-126.47,66.22,75.51,62.06,49.525,57.66,-7.385,-8.44,-24.6295,-22.625,-21.22,87.98,100.64,62.63,34,41.53,-2.962,-13.149,-55.279,-74.67,-82.47,75.39,87.796,56.38,22,-4.671
"2021-09-30",-60.4625,-74.905,-121.5525,-131.385,-117.775,-2.5,-18.435,-76.405,-106.46,-101.7,25.6606,25.65,-20.175,-49.04,-61.625,-86.6604,-99.57,-137.28,-134.71,-122.2,71.29,81.68,66.88,57.55,67.93,-9.429,-14.273,-29.585,-17.96,-11.4,100.45,108.175,64.54,42.04,35.8,-2.55,-14.17,-51.78,-65.46,-66.65,90.6,99.584,65.57,37.29,12.09
"2021-10-29",-62.9312,-81.385,-111.08,-116.08,-117.97,-3.4,-37.88,-77.515,-97.605,-83.87,60.2067,46.725,-9.93,-47.13,-70.97,-88.3656,-106.36,-125.39,-117.26,-104.97,96.89,114.14,92.4,77.61,83.76,-2.6,13.39,15.385,16.7325,24.8425,124.53,147.404,109.12,74.52,66.38,-0.95,-17.985,-38.339,-54.63,-61.32,98.2,94.12,63.11,36.27,13.84
"2021-11-30",-78.325,-110.205,-135.475,-131.89,-129.54,-15.075,-58.14,-92.662,-106.815,-89.065,34.2108,20.58,-20.655,-63.8775,-91.59,-104.4563,-138.79,-152.95,-133.01,-116.14,93.87,98.71,78.25,68.195,73.57,-15.95,-2.57,4.804,12.62,7.955,120.78,132.86,110.65,78.81,66.435,-15.05,-44.44,-66.05,-69.34,-71.19,81.25,66.51,32.4,15.81,-4.42
"2021-12-31",-95.9775,-120.05,-130.83,-120.675,-113.9,-36.715,-75.076,-103.99,-113.134,-97.276,37.2387,19.93,-19.265,-52.7,-97.5,-120.5013,-151.15,-165.38,-130.6,-134.65,78.29,78.61,58.36,50.31,52.94,-24.63,-18.86,-5.76,3.525,-5.6625,123.69,121.335,96.59,66.9,43.15,-28.21,-51.82,-62.63,-66.11,-67.11,82.49,65.8,45.28,28.65,6
"2022-01-31",-105.85,-120.025,-119.775,-112.34,-105.66,-45.575,-76.39,-85.875,-80.155,-59.7725,40.025,30.24,2.675,-23.99,-43.56,-117.3665,-129.65,-109.25,-80.79,-64.335,100.2,104.3,100.08,98.815,111.775,-17.581,3.36,29.6,44.085,40.54,141.005,141.225,132.5,111.71,95.415,-38.91,-44.79,-25,-22.515,-25.485,90.6125,91.389,87.326,77.714,61.706
"2022-02-28",-109.025,-124.615,-113.99,-92.105,-81.47,-49.825,-86.916,-87.49,-77.03,-52.47,61.32,40.21,13.82,-13.43,-31.59,-122.95,-139.04,-105.74,-64.78,-43.47,108.2,102.17,97.72,105.56,120.86,-24.507,3.675,43.547,62.9,59.488,154.37,152.46,142.01,125.22,110.28,-38.45,-42.499,-11.99,-0.626,-7.469,97.065,89.434,89.23,81.185,76.884
"2022-03-31",-164.972,-168.315,-127.58,-95.27,-78.075,-125.837,-177.672,-155.005,-121.02,-85.575,10.658,-10.99,-18.005,-31.345,-41.85,-186.822,-196.765,-137.63,-75.37,-34.2,93.558,84.735,88.73,106.7,129.75,-38.022,-8.19,55.57,83.755,84.775,134.448,117.26,115.12,110.88,97.3,-63.972,-55.665,-15.73,-2.37,-4.7,45.02,43.337,76.36,82.964,74.875
"2022-04-29",-189.325,-172.575,-135.325,-105.25,-82.155,-176.175,-212.2,-189.125,-160.875,-123.18,-19.93,-32.905,-44.75,-62.605,-73.09,-219.55,-211.8,-152.81,-89.125,-46.255,98.02,79.09,74.54,92.565,115.175,-7.535,11.05,45.5,74.5,76.825,149.85,131.8,117,102.875,89.445,-70.65,-51.785,-21.85,-13.425,-17.155,1.25,7.8,33,46.625,39.545
"2022-05-31",-175.56,-148.495,-110.74,-88.175,-76.25,-184.635,-201.84,-174.115,-156.7875,-128.3875,-9.85,-6.585,-11.385,-35.685,-52.42,-212.76,-190.405,-123.74,-66.725,-30,101.59,92.146,90.47,104.36,118.415,33.54,49.46,69.11,93.15,95.43,165.68,157.91,133.755,117.15,96.925,-49.76,-18.84,11.15,9.9,-1.675,-4.86,16.61,41.47,46.15,30.905
"2022-06-30",-199.425,-152.025,-97.55,-66.9,-57.27,-228.95,-213.2,-165.15,-142.35,-114.8325,-27.385,-9.485,-2.95,-26.14,-43.11,-207.79,-179.82,-112.4,-45.85,-10.02,100,99.619,105.604,123.22,137.05,11.475,40.915,79.275,119,130.36,101.52,119.05,118.6,111.4,96.98,-62.75,-9.1,20.35,18.2025,0.28,9.95,45.9,64.4,66.75,40.62
"2022-07-29",-199.28,-166.065,-108.19,-81.815,-79.095,-241.905,-212.34,-149.615,-127.6,-93.559,-36.63,-12.631,3.775,-17.805,-31.135,-214.28,-188.965,-114.365,-56.975,-31.935,119.86,102.071,94.98,107.295,126.62,3.145,23.46,60.06,97.275,106.69,97.03,107.41,113.635,103.275,84.19,-49.58,-11.904,15.85,4.783,-13.456,20.47,46.985,73.435,74.025,49.19
"2022-08-31",-168.455,-132.525,-88.965,-63.075,-56.81,-304.905,-280.9,-213.54,-174.6,-126.26,19.215,52.56,44.995,18.22,4.01,-226.355,-198.15,-122.79,-57.78,-19.51,99.395,101.995,88.401,100.27,126.93,-18.925,12.575,52.485,103.275,122.865,91.903,105.35,103.585,106.025,109.24,-73.835,-25.3,3.06,-5.85,-14.51,24.415,51.941,73.06,76.7,63.82
"2022-09-30",-157.7,-128.83,-83.1,-49.69,-45.04,-361.511,-342.305,-271.702,-220.415,-160.29,101.215,141.02,150.16,114.685,85.75,-247.625,-231.305,-157.935,-80.29,-43.29,69.525,50.485,22.589,51.74,94.1,-37.585,-22.66,14.6,73.085,102.585,69.565,70.695,68.3,73.46,88.96,-105.595,-71.125,-35.125,-30.24,-34.79,-54.865,-46.855,-22,10.18,9.96
"2022-10-31",-198.035,-159.575,-104.9,-74.7,-69,-414.487,-377.227,-290.4,-242.5937,-185.525,-21.27,21.85,50.055,18.59,-2.235,-310.335,-277.275,-181.15,-111.375,-73.71,50.665,34.305,15.28,40.37,78.88,-77.81,-45.475,8.218,69.4,99,62.125,83.775,87.85,80.25,89.1,-143.685,-105.775,-63.35,-61.05,-76.95,-86.585,-59.775,-14.1,6.2,-11.25
"2022-11-30",-196.4,-145.45,-83.784,-62.525,-70.18,-432.867,-365.775,-248.175,-193.925,-143.0487,-29.695,19.963,55.875,27.45,7.245,-323.95,-265.95,-155.675,-95.05,-57.705,52.375,49.57,42.765,60.05,92.2,-122.95,-68.03,22.025,66.9,89,78.145,103.3,104.325,101.7,108.17,-138.325,-87.55,-43.485,-48.6,-73.28,-85.725,-44.35,-0.22,11.255,-5.55
"2022-12-30",-153.775,-106.15,-55.974,-35.8,-41,-435.513,-368.475,-249.2,-198.5,-150.825,-33.28,14.52,55.676,40.275,41.425,-304.05,-250.1,-143.324,-82.25,-47.525,51.55,50.8,38.026,62.6,104.425,-100.55,-42.225,29.751,89.125,116.225,97.7,119.65,116.676,112.5,122.975,-115.75,-66.9,-28.024,-34.45,-51.725,-121.4,-85.1,-39.674,-12.07,-8.695
"2023-01-31",-142.2,-92.925,-50.56,-35.575,-39.73,-427.325,-349.775,-226.66,-159.925,-107.255,-41.725,-4.615,39.095,34.65,35.657,-301.83,-246.65,-144.66,-85.175,-54.505,54.75,45.1,29.3,51.705,88.085,-110.2,-55.9,17.465,77.075,98.37,70.31,88.6,88.34,88.075,94.245,-127.45,-81.9,-42.96,-38.475,-55.985,-116.09,-73.45,-25.84,-0.775,-0.015
"2023-02-28",-157.825,-114.65,-65.2,-41.475,-35.945,-479.538,-420.8,-288.2125,-206,-152.1825,-63.33,-26.44,20.875,23.775,37.23,-323.955,-274.8,-168.525,-102,-64.87,6.225,19.83,19.925,47.47,84.35,-113.325,-73.275,3.8,71.75,106.005,34.265,60.2,93.225,102,117.005,-124.955,-85.7,-40.705,-30.35,-35.87,-121.605,-79.25,-17.425,5.25,1.73
"2023-03-31",-109.225,-62,-27.9,-15.9,-18.025,-409.226,-330.725,-228.475,-173.9,-130.48,-11.375,31.884,60.925,43.9,46.8,-235.25,-170.4,-93.8,-54.65,-32,56.6,58.66,40.52,56.44,88.91,-113.125,-61.975,1.65,57.23,84.93,76.8,108.4,108.77,103.1,118.175,-66.45,-29.85,-14.49,-20.05,-38.4,-66.975,-37.2,0.35,12.15,1.4
"2023-04-28",-96.725,-51.1,-20.825,-10.725,-17.353,-417.775,-329.85,-227.45,-175.5,-136.728,13.48,61.64,87.2,70.675,72.722,-241.2,-170.38,-93.2,-53.675,-31.103,56.25,67.42,44.995,56.315,85.447,-109.8,-50.625,2.95,56.143,81.277,101.84,117.5,101.05,94.625,104.647,-65.25,-26.05,-13.44,-23.675,-41.753,-52.049,-7.15,23.775,29.175,12.397
"2023-05-31",-118.45,-77.1,-50.15,-35.705,-35.669,-446.3,-357.825,-250.5,-194.85,-155.169,34.345,90.95,114.782,95.375,96.016,-273.973,-206.288,-128.75,-90.1,-62.419,71.225,97.92,70.34,71.67,95.251,-93.45,-39.142,10.01,60.569,89.5,88.915,102.05,88.5,81.4,93.456,-78.075,-40.1,-25.92,-35.7,-52.669,-48.5,-9.5,16.9,24.15,3.431
"2023-06-30",-126.405,-92.625,-64.325,-48.38,-44.76,-485.92,-415.3,-294.85,-217.375,-162.4,79.535,128.36,134.5,98.66,87.723,-303.255,-244.2,-161.6,-112.25,-80.45,75.195,85.96,60.31,65.21,91.7,-77.955,-34.939,16.325,70.75,98.605,67.845,83.7,77.3175,83.5,108.35,-83.455,-51.8,-38.325,-43.15,-53.4,-22.855,6.5,34.8,39.55,30.6
"2023-07-31",-134.725,-108.42,-75.05,-54.85,-45.944,-494.877,-418.37,-293.2,-213.525,-156.3189,55.247,93.392,103.075,76.525,74.031,-313.55,-256.045,-170.1,-124.6,-92.819,75.55,91.705,74.64,74.35,99.741,-93.416,-51.47,6.675,61.225,89.431,69.29,86.255,82.55,82.35,105.931,-90.825,-68.945,-52.45,-52.85,-66.569,-7.35,21.555,48.8,46.3,34.181
"2023-08-31",-137.885,-113.465,-85.875,-69.26,-60.36,-485.21,-407.44,-290.375,-221.609,-167.385,50.55,87.56,94.94,70.653,70.078,-315.46,-260.065,-181.875,-139.285,-110.26,78.59,93.13,74.215,69.395,87.71,-112.185,-68.185,-12.327,44.18,70.245,63.34,86.81,82.125,78.015,96.49,-78.21,-52.64,-44.025,-52.585,-68.61,-9.78,18.76,31.125,24.815,5.54
"2023-09-29",-130.225,-116.9,-93.875,-77.745,-67.95,-485.75,-416.4,-307.325,-248.375,-198.1,8.495,31.725,41.65,29.725,39.63,-332.15,-290.15,-221.325,-177.15,-148.6,79.9,91.78,72.745,68.15,80.98,-108.172,-67.15,-13.675,39.231,65.131,76.34,97.85,91.175,86.25,103.275,-82.23,-65.45,-57.355,-66.7,-82.84,-22.75,-4.9,6.425,0.1,-19.15
"2023-10-31",-147.35,-143.315,-133.65,-117.37,-103.98,-473.307,-404.514,-312.475,-260.6701,-214.52,-2.89,11.597,11.956,-0.667,8.68,-346.125,-320.788,-271.6,-230.42,-199.52,66.975,63.1,41.25,39.78,51.68,-77.5,-33.165,13.275,59.855,83.355,65.085,86.86,82.9,80.83,93.23,-89.985,-87.14,-92.9,-104.42,-123.27,-25.125,-12.19,-17.35,-25.42,-52.17
"2023-11-30",-140.995,-129.54,-111.51,-98.58,-89.19,-456.24,-374.965,-273.675,-222.88,-179.575,12.295,32.71,35.55,22.513,29.644,-328.595,-291.978,-239.6,-208.68,-186.45,50.53,56.35,39.22,38.145,48.08,-65.303,-18.393,29,73.865,95.17,75.83,91.535,83.825,82.245,96.925,-90.797,-83.97,-86.3,-94.005,-110.5,-23.01,-12.69,-12.6,-18.715,-45.06
"2023-12-29",-146.09,-140.145,-118.85,-99.89,-85.945,-421.842,-333.32,-235.66,-182.65,-136.025,-2.94,-0.32,-4.049,-4.695,13.879,-322.765,-273.07,-211.66,-174.7,-155.65,53.76,59.16,34.53,35.1,49.85,-63.849,-19.345,19.19,64.475,92.98,75.93,79.055,62.04,63.1,76.05,-103.792,-101.22,-103.16,-104.2,-116.7,-7.64,-2.07,0.44,-3.35,-17.6
"2024-01-31",-139.195,-131.35,-113.485,-97.55,-89.145,-414.447,-330.65,-238.834,-185.5,-141.02,12.215,22.027,19.026,18.459,33.479,-320.335,-275.005,-219.81,-182.475,-158.47,81.065,75.53,54.16,52.865,66.07,-62.855,-23.66,13.765,60.893,81.1,85.515,89.1,77.54,76.375,91.73,-91.685,-88.73,-87.96,-88.625,-102.52,2.265,15.4,19.14,12.975,-8.47
"2024-02-29",-145.245,-139.08,-126.64,-114.355,-106.505,-448.395,-377.68,-284.9655,-227.9555,-178.9301,0.375,12.557,13.86,9.745,24.164,-358.395,-319.68,-258.09,-215.43,-186.93,38.48,45.895,28.97,34.26,53.59,-84.995,-52.505,-9.29,43.045,69.32,71.08,69.395,54.41,61.92,78.82,-104.83,-100.055,-99.14,-101.68,-108.68,-8.67,11.345,16.61,6.22,-12.76
"2024-03-29",-153.72,-150.745,-137.835,-122.95,-113.65,-449.97,-383.77,-292.3505,-233.8745,-180.4755,-14.599,-10.955,-9.3,-6.529,11.7,-368.32,-328.857,-265.6,-222.5,-190.1,40.35,38.265,24.48,34,54.55,-88.545,-63.045,-21.625,30.625,54.651,50.1,44.455,37.275,47,66.85,-115.43,-112.955,-110.6,-110.25,-116.35,-13.22,-5.945,-4.75,-8.6,-27.05
"2024-04-30",-169.1,-167.92,-157.515,-142.545,-131.965,-469.1,-418.72,-329.565,-267.635,-213.89,-22.41,-17.487,-15.135,-12.335,7.51,-391.885,-364.965,-306.665,-261.76,-229.865,17.825,21.475,8.91,17.435,38.46,-83.65,-62.09,-24.115,31.115,57.485,46.874,38.405,31.835,44.24,68.235,-134.581,-138.825,-135.715,-132.51,-135.465,-24.23,-18.645,-20.015,-24.11,-40.965
"2024-05-31",-161.59,-149.382,-134.458,-123.78,-116.465,-452.295,-391.482,-300.213,-240.4725,-184.515,-13.899,-5.831,-4.269,-3.444,14.66,-371.295,-332.242,-275.513,-240.01,-211.455,22.28,14.606,4.325,11.61,26.573,-80.955,-52.344,-11.071,37.152,60.172,54.4345,51.518,43.287,47.84,69.235,-138.97,-127.972,-117.713,-118.66,-126.765,-22.12,-11.332,-8.513,-16.309,-33.915
"2024-06-28",-161.3,-147.42,-127.55,-113.915,-110.385,-437.525,-371.695,-281.895,-223.28,-168.415,-15.675,-6.345,-5.345,-2.155,20.957,-383.325,-347.838,-294.755,-258.005,-228.465,7.738,9.29,2.485,11.863,31.235,-58.515,-27.58,7.587,48.475,67.335,53.5175,53.68,44.355,48.845,69.085,-150.5,-146.87,-134.395,-128.905,-137.265,-7,-4.52,-4.645,-12.455,-26.815
"2024-07-31",-154.495,-139.42,-115.865,-105.2,-103.955,-392.07,-317.995,-241.5,-201.55,-160.625,1.566,15.34,15.27,13.45,31.875,-360.695,-313.87,-266.2,-241.4,-222.65,-61.095,-56.895,-58.97,-49.75,-32.655,-51.759,-21.87,9.9,45.575,62.25,29.93,23.255,27.25,37.45,51.875,-141.36,-132.735,-117.95,-113.3,-124.875,18.93,21.055,14.15,3.8,-16.575
"2024-08-30",-129.8,-114.51,-96.825,-88.605,-89.3,-351.9005,-284.55,-225.7405,-191.925,-149.7505,23.725,39.725,39.46,33.725,48.775,-334.925,-288.78,-247.675,-227.805,-212.688,-46.3,-37.6,-45.915,-40.325,-25.92,-21.605,-1.952,20.965,59.08,76.839,43.5785,35.455,39.135,51.33,66.8,-134.59,-122.65,-105.165,-105.425,-115.75,35.56,28.45,21.585,12.525,-6.65
"2024-09-30",-133.585,-128.01,-111.585,-97.325,-94.985,-311.945,-256.06,-210.12,-182.1,-145.27,42.53,45.505,41.605,38.901,56.105,-309.895,-281.025,-252.168,-233.84,-220.62,-56.77,-53.89,-57.82,-46.25,-29.01,11.717,18.185,28.849,66.63,82.21,41.6825,29.69,37.13,54.675,74.83,-129.14,-120.11,-104.37,-98.2,-106.22,69.98,54.79,43.23,29.3,8.38
"2024-10-31",-176.688,-171.717,-156.015,-140.77,-138.7,-335.7,-297.705,-258.34,-220.6455,-169.35,23.885,31.145,28.835,30.253,47.106,-356.75,-340.895,-316.09,-289.67,-268.225,-92.1,-88.08,-87.76,-71.52,-50.375,8.925,13.545,26.785,68.975,87.525,-7.013,-12.33,4.71,35.23,66.525,-167.192,-159.16,-139.09,-126.47,-135.025,56.95,49.17,36.91,27.48,6.975
"2024-11-29",-212.025,-210.125,-185.675,-166.85,-161.3,-332.08,-293.5,-243.575,-209.45,-162.2,13.485,12.125,11.774,14.212,32.962,-381.793,-368.87,-335.9,-309.05,-287.075,-103.48,-97.45,-90.52,-79.55,-62.12,-2.772,-1.309,16.175,55.955,71.55,-9.33,-11.25,5.05,29.45,57.55,-193.741,-187.05,-159.2,-143.05,-145.95,24.55,4.05,-0.45,-4.55,-25.7
"2024-12-31",-204.332,-208.335,-197.91,-185.05,-179.43,-330.962,-304.385,-277.125,-250.6,-200.025,24.501,16.472,2.15,4.265,29.09,-390.437,-387.88,-367.2,-344.72,-321.55,-118.087,-124.06,-127.8,-114,-93.85,-16.447,-24.72,-21.4,19.025,36.725,-37.087,-51.01,-46.35,-18.6,12.1,-160.487,-153.76,-140.3,-130.8,-135.6,53.163,37.74,16.05,4.9,-15.9
"2025-01-31",-199.935,-198.965,-191.192,-181.155,-178.885,-319.535,-291.571,-266.487,-241,-195.81,6.55,1.835,-8.907,-4.65,21.28,-384.01,-378.05,-362.262,-341.95,-321.935,-140.88,-142.14,-145.742,-129.23,-107.635,-25.535,-29.24,-20.892,21.125,39.44,-47.035,-46.04,-31.737,-4.875,26.565,-174.08,-167.24,-160.167,-149.56,-151.585,41.59,21.86,-5.412,-15.249,-40.285
"2025-02-28",-198.47,-188.225,-171.995,-160.325,-158.95,-304.57,-266.03,-232.2,-209.845,-171.17,9.63,15.295,15.658,20.92,43.545,-377.92,-355.855,-328.325,-310.87,-296.72,-135.87,-129.53,-126.025,-114.19,-96.43,-21.075,-12.58,2.883,40.655,54.23,-51.57,-29.655,-2.575,21.905,49.08,-159.81,-141.68,-124.475,-114.271,-117.37,50.11,42.62,24.515,11.13,-17.17
"2025-03-31",-193.189,-173.069,-140.95,-123.98,-123.84,-292.87,-248.619,-214.905,-197.38,-161.515,18.319,30.351,36.995,45.945,67.685,-367.97,-341.864,-307.355,-283.73,-270.265,-145.97,-131.494,-123.61,-110.19,-93.565,-19.62,-9.044,9.545,46.22,57.86,-47.78,-21.744,6.47,30.37,52.985,-134.49,-108.044,-84.16,-75.01,-85.895,82.88,79.906,58.27,39.77,6.935
"2025-04-30",-202.53,-169.41,-140.382,-131.88,-140.065,-282.05,-234.47,-212.972,-212.4045,-177.8955,2.225,19.63,26.953,36.183,61.605,-371.05,-335.52,-309.397,-299.98,-292.62,-122.35,-96.97,-90.647,-86.98,-77.53,-39.224,-21.176,0.202,31.345,35.855,-52.994,-18.02,11.603,27.22,41.23,-140,-108.27,-92.138,-95.77,-114.77,81.25,79.73,59.303,30.62,-11.27
"2025-05-30",-226.244,-193.442,-158.435,-146.92,-151.805,-307.094,-256.062,-224.625,-217.52,-181.625,-5.029,13.988,26.015,33.469,57.203,-411.697,-377.312,-342.75,-325.74,-319.75,-142.374,-113.162,-99.55,-97.32,-91.85,-72.219,-49.371,-18.9,19.393,25.288,-62.409,-23.562,13.5,26.23,36.5,-173.584,-141.302,-114.6,-114.82,-131.95,63.026,64.138,48.4,18.43,-23.75
"2025-06-30",-207.873,-169.379,-133.535,-121.595,-125.166,-294.648,-242.029,-211.94,-206.125,-164.986,-11.1355,8.746,21.06,33.525,60.289,-386.548,-346.994,-311.365,-294.025,-291.886,-123.423,-92.704,-77.8401,-75.73,-70.836,-66.739,-38.841,-7.44,28.35,31.244,-55.423,-17.529,17.91,33.725,41.739,-176.773,-142.259,-112.59,-107.55,-124.136,45.827,51.221,40.96,15.6,-22.536
"2025-07-31",-222.1,-183.06,-141.466,-129.585,-130.33,-311.06,-257.5,-218.806,-209.31,-166.66,-31.4725,-8.375,11.794,25.74,53.243,-406.46,-366.575,-326.306,-309.71,-307.47,-130.05,-95.725,-72.116,-70.74,-65.56,-73.174,-45.15,-12.906,26.565,34.315,-82.56,-43.375,-0.556,20.19,31.94,-179.69,-140.735,-105.266,-101.21,-115.51,27.7,38.475,39.144,16.29,-20.36
"2025-08-29",-189.59,-152.662,-118.023,-114.005,-122.022,-275.775,-219.744,-185.848,-188.575,-158.572,6.3585,31.743,48.177,53.76,73.203,-372.075,-332.782,-300.748,-296.94,-304.072,-113.235,-78.582,-60.398,-66.95,-69.452,-46.525,-17.113,11.26,38.706,35.997,-81.714,-41.332,2.002,17.15,16.428,-158.5,-121.882,-92.098,-93.5,-115.422,59.2215,71.618,64.102,31.7,-13.022
"2025-09-30",-172.035,-144.173,-117.965,-109.79,-113.36,-259.7855,-213.473,-182.625,-177.96,-145.81,17.48,32.827,43.5,52.879,75.16,-357.818,-332.523,-308.3,-299.12,-301.36,-122.41,-99.248,-84.565,-83.38,-79.265,-17.76,5.372,25.7,55.04,56.94,-95.61,-65.293,-24.5,1.04,14.815,-151.02,-118.348,-89.82,-85.51,-100.585,77.07,89.552,77.35,49.69,10.415
"2025-10-31",-170.5,-146.33,-124.181,-116.27,-117.139,-260.825,-217.3295,-186.076,-179.47,-144.889,-2.202,10.246,19.399,28.055,48.923,-354.61,-331.93,-311.331,-304.47,-306.314,-129.95,-102.68,-87.161,-85.82,-81.289,-8.75,13.295,32.074,59.655,60.616,-100.98,-68.08,-26.051,-1.97,13.361,-145.35,-116.03,-92.641,-90.22,-106.889,81.2,82.87,65.499,37.88,-1.439
"2025-11-28",-159.665,-134.46,-109.825,-102.823,-104.77,-249.395,-205.047,-168.6,-160.468,-125.845,0.1675,15.14,28.075,35.165,51.13,-344.87,-321.71,-299.85,-295.268,-301.795,-119.795,-91.485,-72.3,-72.958,-73.83,19.261,49.168,68.751,92.387,88.51,-81.805,-31.085,16.4,29.532,39.28,-129.395,-95.785,-67.76,-65.918,-84.88,86.405,89.315,75.15,46.732,2.88
"2025-12-31",-149.356,-129.128,-111.675,-106.404,-109.005,-226.45,-187.038,-158.813,-150.229,-122.375,2.021,9.831,14.75,20.746,34.425,-333.849,-314.417,-299.125,-293.479,-300.25,-98.85,-74.523,-63.975,-68.219,-67.35,47.25,70.187,73.6,90.521,79.625,-66.45,-26.413,14.625,27.326,33.555,-122.2,-96.193,-78.125,-78.679,-97.45,94.45,91.777,68.825,37.871,-7.9
"2026-01-30",-157.681,-140.535,-125.15,-118.625,-117.94,-225.7,-186.8105,-158.095,-144.8,-111.73,-0.403,9.764,18.959,27.175,44.638,-343.95,-329.06,-317.07,-312.325,-316.48,-110.85,-86.735,-71.52,-70.64,-67.09,59.8,79.215,80.949,94.5,84.645,-59.02,-7.635,31.03,38.075,44.27,-129.49,-110.025,-91,-89.365,-103.98,92.1,90.765,67.88,37.175,-3.63
"2026-02-27",-153.19,-131.605,-110.8,-103.12,-103.195,-218.34,-172.71,-135.025,-120.37,-93.005,-7.519,9.312,26.567,37.701,56.537,-338.84,-317.285,-298.55,-296.07,-303.105,-111.285,-85.66,-68.49,-66.97,-64.28,77.005,98.665,99.932,114.555,100.02,-66.44,-15.11,30.85,40.28,44.52,-132.29,-106.1,-80.68,-77.07,-90.13,116.11,125.04,104.1,69.28,23.87
"2026-03-31",-123.08,-106.46,-98.085,-94.75,-103.85,-234.07,-195.355,-148.2795,-126.2655,-92.175,44.681,56.432,54.235,58.16,73.2,-343.15,-327.93,-313.28,-314.865,-327.075,-106.195,-80.355,-68.3,-68.01,-63.825,89.14,101.395,98.395,111.985,91.325,-64.595,-8.105,38.3449,43.61,47.825,-94.895,-70.505,-62.405,-69.84,-87.875,140.005,142.095,107.395,61.66,11.575
"2026-04-30",-122.345,-113.03,-104.845,-102.945,-108.4,-241.6885,-207.127,-152.7825,-122.67,-86.925,50.61,57.579,57.871,64.901,82.49,-347.87,-336.29,-320.22,-318.02,-327.925,-98.045,-79.5,-67.22,-66.41,-61.7,92.95,98.2,96.355,111.96,94.955,-44.955,-4,31.53,39.33,46.45,-105.245,-88.65,-76.62,-79.67,-92.55,147.705,141.7,104.08,58.88,11.35
"2026-05-29",-141.435,-141.71,-134.035,-124.855,-121.821,-252.385,-227.38,-169.185,-122.68,-79.221,17.931,18.433,24.516,37.524,59.813,-363.285,-359.365,-339.56,-328.18,-332.551,-122.36,-110.63,-95.59,-88.52,-80.996,72.245,62.307,58.439,84.745,77.779,-57.42,-29.13,1.1,13.925,23.704,-139.73,-128.98,-111.3,-105.58,-116.146,130.98,115.72,76.141,37.27,-4.096
"2026-06-30",-161.665,-159.115,-143.905,-131.845,-126.18,-264.625,-237.98,-172.155,-118.57,-69.535,-7.075,-3.407,12.743,31.776,58.49,-385.115,-378.265,-352.605,-339.41,-340.61,-144.98,-128.23,-104.155,-94.53,-82.86,45.8,40.145,40.67,75.905,73.265,-83.85,-59.425,-24.28,-6.27,7.74,-166.37,-154.08,-127.18,-117.37,-122.51,113.42,98.47,64.62,28.78,-5.61
